"Object","Close-Approach (CA) Date","CA DistanceNominal (au)","CA DistanceMinimum (au)","V relative(km/s)","V infinity(km/s)","H(mag)","Diameter","Rarity"
"415029 (2011 UL21)","2024-Jun-27 20:16 ± < 00:01","0.04439","0.04439","25.88","25.88","15.9","1.7 km -  3.9 km","3"
"(2024 MK)","2024-Jun-29 13:49 ± < 00:01","0.00197","0.00197","9.37","9.22","22.0","100 m -  230 m","3"
"(2024 ON)","2024-Sep-17 10:19 ± < 00:01","0.00668","0.00668","8.88","8.83","20.4","220 m -  500 m","3"
"(2011 GA)","2023-Oct-15 07:09 ± < 00:01","0.01743","0.01743","16.59","16.59","20.7","190 m -  420 m","2"
"(1998 HH49)","2023-Oct-17 00:33 ± < 00:01","0.00784","0.00784","14.79","14.76","21.4","140 m -  310 m","2"
"(2023 VA)","2023-Nov-02 05:37 ± < 00:01","0.00018","0.00018","11.30","9.90","28.6","5.1 m -   11 m","2"
"363505 (2003 UC20)","2023-Nov-02 15:49 ± < 00:01","0.03511","0.03511","7.97","7.96","18.5","1.876±0.037 km","2"
"164121 (2003 YT1)","2023-Nov-03 12:33 ± < 00:01","0.05936","0.05936","23.25","23.25","16.2","1.717±0.550 km","2"
"(2023 VB2)","2023-Nov-07 07:00 ± < 00:01","0.00022","0.00022","18.02","17.34","28.2","6.0 m -   13 m","2"
"(2023 WA)","2023-Nov-17 03:41 ± < 00:01","0.00018","0.00018","17.95","17.12","28.5","5.3 m -   12 m","2"
"(2023 XJ2)","2023-Dec-05 02:40 ± < 00:01","0.00522","0.00522","6.12","6.04","24.3","37 m -   82 m","2"
"139622 (2001 QQ142)","2023-Dec-06 21:00 ± < 00:01","0.03694","0.03694","6.66","6.65","18.5","540 m -  1.2 km","2"
"(2020 YO3)","2023-Dec-23 02:44 ± < 00:01","0.00144","0.00144","16.45","16.34","24.7","30 m -   67 m","2"
"(2008 OS7)","2024-Feb-02 14:41 ± < 00:01","0.01908","0.01908","18.17","18.16","20.4","220 m -  500 m","2"
"(2024 CG2)","2024-Feb-08 03:42 ± < 00:01","0.00666","0.00666","9.18","9.13","23.1","64 m -  140 m","2"
"(2024 GD)","2024-Mar-26 02:00 ±    00:05","0.00212","0.00212","11.46","11.35","24.9","27 m -   61 m","2"
"439437 (2013 NK4)","2024-Apr-15 14:51 ± < 00:01","0.02177","0.02177","16.49","16.48","18.9","430 m -  970 m","2"
"(2024 HL1)","2024-Apr-26 01:40 ± < 00:01","0.00109","0.00109","12.10","11.90","26.0","17 m -   38 m","2"
"(2024 HT1)","2024-Apr-26 12:09 ± < 00:01","0.00240","0.00240","16.38","16.31","24.5","33 m -   74 m","2"
"(2024 JY16)","2024-May-15 01:10 ± < 00:01","0.00225","0.00225","16.81","16.74","25.1","26 m -   58 m","2"
"(2024 LQ5)","2024-Jun-12 20:47 ±    00:01","0.00302","0.00301","13.11","13.04","24.9","28 m -   63 m","2"
"523664 (2012 OD1)","2024-Jul-28 02:47 ± < 00:01","0.03822","0.03822","23.69","23.68","18.6","0.346±0.092 km","2"
"(2024 PC2)","2024-Jul-31 22:58 ± < 00:01","0.01424","0.01423","9.94","9.92","22.3","91 m -  200 m","2"
"(2024 PZ3)","2024-Aug-15 01:40 ± < 00:01","0.00185","0.00185","12.19","12.07","25.3","23 m -   51 m","2"
"(2024 SC)","2024-Sep-30 03:05 ± < 00:01","0.01092","0.01079","17.93","17.92","22.9","72 m -  160 m","2"
"(2023 TL4)","2023-Oct-08 10:14 ± < 00:01","0.03212","0.03212","34.44","34.44","20.0","260 m -  590 m","1"
"(2023 TM3)","2023-Oct-10 12:57 ± < 00:01","0.00111","0.00111","11.51","11.30","26.9","11 m -   24 m","1"
"(2023 TV3)","2023-Oct-12 12:52 ± < 00:01","0.00056","0.00056","14.21","13.87","27.8","7.5 m -   17 m","1"
"(2021 NT14)","2023-Oct-13 17:10 ± < 00:01","0.04764","0.04764","8.58","8.57","20.7","190 m -  430 m","1"
"(2023 QA4)","2023-Oct-16 08:14 ± < 00:01","0.05442","0.05442","11.76","11.75","20.8","190 m -  410 m","1"
"(2023 WH3)","2023-Oct-17 13:26 ±    02:22","0.03951","0.03908","12.81","12.81","22.5","83 m -  190 m","1"
"(2023 UR10)","2023-Oct-20 04:24 ±    00:32","0.00009","0.00009","12.21","9.58","30.0","2.7 m -  6.1 m","1"
"(2023 TK15)","2023-Oct-20 07:16 ± < 00:01","0.00254","0.00254","21.95","21.90","25.9","18 m -   39 m","1"
"(2023 UR1)","2023-Oct-21 01:17 ± < 00:01","0.00558","0.00558","8.22","8.16","24.7","31 m -   69 m","1"
"(2023 UN)","2023-Oct-21 09:38 ± < 00:01","0.00338","0.00338","11.24","11.16","26.1","16 m -   36 m","1"
"(2020 FM6)","2023-Oct-23 09:57 ± < 00:01","0.04302","0.04302","15.77","15.76","21.9","110 m -  240 m","1"
"(2019 HH4)","2023-Oct-24 10:46 ± < 00:01","0.03396","0.03396","20.02","20.01","19.8","290 m -  650 m","1"
"(2021 SZ4)","2023-Oct-26 05:28 ± < 00:01","0.03578","0.03578","29.97","29.97","20.5","210 m -  480 m","1"
"302169 (2001 TD45)","2023-Oct-26 23:00 ± < 00:01","0.03258","0.03258","25.68","25.68","20.0","270 m -  590 m","1"
"525229 (2004 UU1)","2023-Oct-30 10:41 ± < 00:01","0.02725","0.02725","17.43","17.42","21.2","160 m -  350 m","1"
"(2016 HV3)","2023-Oct-31 11:38 ± < 00:01","0.07100","0.07100","15.38","15.38","20.1","260 m -  570 m","1"
"(2023 VQ4)","2023-Nov-01 21:47 ± < 00:01","0.01859","0.01856","6.62","6.60","23.8","46 m -  100 m","1"
"(2023 VG)","2023-Nov-02 18:29 ± < 00:01","0.00076","0.00076","8.53","8.11","28.3","5.9 m -   13 m","1"
"(2023 VW1)","2023-Nov-03 14:37 ± < 00:01","0.00627","0.00626","13.83","13.80","24.7","31 m -   69 m","1"
"(2023 QP8)","2023-Nov-03 17:59 ± < 00:01","0.04380","0.04380","8.84","8.83","21.6","130 m -  290 m","1"
"(2023 VE1)","2023-Nov-04 00:36 ± < 00:01","0.00023","0.00023","6.46","4.31","30.2","2.4 m -  5.4 m","1"
"(2023 VD4)","2023-Nov-10 16:24 ± < 00:01","0.00097","0.00096","15.57","15.39","28.2","6.1 m -   14 m","1"
"(2014 HG4)","2023-Nov-10 21:15 ± < 00:01","0.08695","0.08695","24.64","24.64","19.9","0.975±0.087 km","1"
"(2023 WA2)","2023-Nov-18 21:48 ± < 00:01","0.01012","0.01009","12.98","12.96","25.0","26 m -   59 m","1"
"(2023 WE2)","2023-Nov-19 10:07 ± < 00:01","0.00162","0.00162","7.26","7.03","27.0","10 m -   23 m","1"
"(2019 UT6)","2023-Nov-24 07:46 ± < 00:01","0.02315","0.02315","13.20","13.20","21.9","110 m -  250 m","1"
"(2019 CZ2)","2023-Nov-25 18:30 ± < 00:01","0.00707","0.00707","5.84","5.77","24.6","32 m -   71 m","1"
"(2023 WN2)","2023-Nov-26 04:26 ± < 00:01","0.01893","0.01879","14.88","14.87","23.3","57 m -  130 m","1"
"(2023 XG4)","2023-Nov-30 03:31 ±    00:06","0.00117","0.00117","8.82","8.55","27.9","7.1 m -   16 m","1"
"(2023 XB1)","2023-Dec-01 03:07 ± < 00:01","0.03556","0.03553","15.17","15.16","22.5","85 m -  190 m","1"
"(2023 XG1)","2023-Dec-02 13:00 ±    00:02","0.01040","0.01026","13.81","13.80","24.0","43 m -   96 m","1"
"(2023 XJ)","2023-Dec-02 19:20 ± < 00:01","0.00071","0.00071","15.73","15.49","28.7","4.9 m -   11 m","1"
"(1998 WB2)","2023-Dec-03 12:28 ± < 00:01","0.02815","0.02815","14.21","14.20","21.9","0.150±0.007 km","1"
"(2013 VX4)","2023-Dec-04 16:37 ± < 00:01","0.01309","0.01309","6.58","6.55","23.8","46 m -  100 m","1"
"(2023 XJ1)","2023-Dec-06 18:57 ± < 00:01","0.00066","0.00066","20.04","19.84","27.6","7.9 m -   18 m","1"
"(2023 XQ10)","2023-Dec-08 16:46 ±    00:18","0.00149","0.00148","10.60","10.43","26.4","14 m -   31 m","1"
"(2023 XW5)","2023-Dec-09 02:10 ± < 00:01","0.00050","0.00050","5.92","4.93","28.7","4.9 m -   11 m","1"
"(2023 YA)","2023-Dec-14 02:29 ± < 00:01","0.01052","0.01051","10.06","10.04","25.0","27 m -   61 m","1"
"(2023 XZ11)","2023-Dec-15 03:12 ± < 00:01","0.00939","0.00933","14.70","14.68","25.2","24 m -   54 m","1"
"(2023 WV23)","2023-Dec-15 05:09 ± < 00:01","0.01329","0.01325","6.62","6.58","23.7","49 m -  110 m","1"
"341843 (2008 EV5)","2023-Dec-20 06:52 ± < 00:01","0.04225","0.04225","5.35","5.33","20.1","0.40±.050 km","1"
"(2018 YJ2)","2023-Dec-21 10:59 ± < 00:01","0.04698","0.04698","13.06","13.05","21.7","120 m -  270 m","1"
"(2017 WG2)","2023-Dec-22 15:35 ± < 00:01","0.05832","0.05832","20.94","20.94","20.2","240 m -  540 m","1"
"(2023 VD6)","2023-Dec-23 01:26 ± < 00:01","0.02719","0.02719","15.47","15.46","21.6","130 m -  280 m","1"
"310442 (2000 CH59)","2023-Dec-26 20:06 ± < 00:01","0.06228","0.06228","13.56","13.56","19.8","290 m -  650 m","1"
"(2023 YD)","2023-Dec-28 21:38 ± < 00:01","0.00404","0.00404","9.93","9.87","25.6","20 m -   45 m","1"
"(2019 KK5)","2024-Jan-02 21:21 ± < 00:01","0.02610","0.02610","20.83","20.83","22.8","74 m -  160 m","1"
"(2002 AY1)","2024-Jan-08 18:11 ± < 00:01","0.03879","0.03879","17.34","17.34","20.9","180 m -  400 m","1"
"(2021 CZ2)","2024-Jan-16 23:26 ± < 00:01","0.01999","0.01999","14.36","14.35","22.4","86 m -  190 m","1"
"(2024 AP2)","2024-Jan-19 00:22 ± < 00:01","0.01031","0.01029","5.89","5.84","24.6","32 m -   70 m","1"
"483508 (2003 CR1)","2024-Jan-20 01:39 ± < 00:01","0.08528","0.08528","11.91","11.91","20.0","0.202±0.025 km","1"
"(2024 BR2)","2024-Jan-22 11:58 ± < 00:01","0.00196","0.00196","4.04","3.69","27.1","10 m -   23 m","1"
"(2024 BJ)","2024-Jan-27 17:29 ± < 00:01","0.00236","0.00236","6.35","6.17","26.3","15 m -   33 m","1"
"(2024 BF1)","2024-Jan-27 22:59 ± < 00:01","0.02686","0.02682","26.02","26.02","23.3","59 m -  130 m","1"
"(2024 AT1)","2024-Jan-30 07:03 ± < 00:01","0.05126","0.05119","21.37","21.37","21.8","120 m -  260 m","1"
"(2024 CS)","2024-Feb-01 09:20 ± < 00:01","0.00681","0.00676","16.99","16.96","25.4","22 m -   49 m","1"
"(2019 CC5)","2024-Feb-04 07:10 ± < 00:01","0.04904","0.04904","14.96","14.96","22.0","110 m -  240 m","1"
"(2023 SP1)","2024-Feb-07 00:06 ± < 00:01","0.03665","0.03665","11.80","11.79","20.8","190 m -  420 m","1"
"(2024 CH4)","2024-Feb-11 06:10 ±    00:03","0.00073","0.00073","24.01","23.86","27.7","7.7 m -   17 m","1"
"(2024 CB1)","2024-Feb-13 08:07 ± < 00:01","0.00979","0.00977","17.55","17.53","24.1","39 m -   88 m","1"
"(2024 BR4)","2024-Feb-14 11:03 ± < 00:01","0.03072","0.03072","12.45","12.45","21.4","140 m -  310 m","1"
"(2024 CV8)","2024-Feb-19 19:21 ± < 00:01","0.00301","0.00301","17.10","17.05","26.3","15 m -   33 m","1"
"187026 (2005 EK70)","2024-Feb-20 02:28 ± < 00:01","0.09688","0.09688","15.11","15.11","17.4","900 m -  2.0 km","1"
"(2024 DW)","2024-Feb-22 04:37 ± < 00:01","0.00150","0.00150","17.90","17.80","27.1","9.9 m -   22 m","1"
"(2024 CA7)","2024-Feb-29 20:43 ± < 00:01","0.03805","0.03799","32.50","32.50","22.6","82 m -  180 m","1"
"(2024 ER)","2024-Mar-02 01:28 ± < 00:01","0.05874","0.05856","12.69","12.69","21.4","140 m -  310 m","1"
"(2024 EF)","2024-Mar-04 07:00 ± < 00:01","0.00039","0.00038","8.64","7.80","29.1","3.9 m -  8.8 m","1"
"(2024 EA)","2024-Mar-04 15:26 ± < 00:01","0.03544","0.03543","12.64","12.63","22.6","81 m -  180 m","1"
"(2024 DV1)","2024-Mar-07 02:03 ± < 00:01","0.06995","0.06915","17.43","17.43","20.3","240 m -  530 m","1"
"(2024 EJ2)","2024-Mar-08 01:50 ± < 00:01","0.00373","0.00372","14.80","14.76","26.4","14 m -   31 m","1"
"(2024 EL3)","2024-Mar-11 10:31 ±    00:05","0.00024","0.00024","13.71","12.88","28.8","4.7 m -   10 m","1"
"(2024 EG2)","2024-Mar-12 02:11 ± < 00:01","0.00429","0.00429","19.58","19.54","25.9","17 m -   39 m","1"
"(2024 EJ4)","2024-Mar-13 17:22 ± < 00:01","0.00018","0.00018","8.68","6.71","29.4","3.5 m -  7.9 m","1"
"(2024 ER4)","2024-Mar-17 09:14 ± < 00:01","0.00108","0.00108","8.30","8.00","27.4","9.0 m -   20 m","1"
"(2024 EN)","2024-Mar-18 18:34 ± < 00:01","0.00994","0.00994","11.97","11.95","24.4","34 m -   77 m","1"
"(2024 BD7)","2024-Mar-19 06:13 ± < 00:01","0.04818","0.04818","10.14","10.14","22.0","100 m -  230 m","1"
"(2024 EU4)","2024-Mar-23 12:53 ± < 00:01","0.04843","0.04841","28.30","28.30","22.1","100 m -  220 m","1"
"264993 (2003 DX10)","2024-Mar-24 17:16 ± < 00:01","0.05965","0.05965","12.58","12.57","20.4","220 m -  490 m","1"
"(2024 FO3)","2024-Mar-26 12:36 ± < 00:01","0.00091","0.00091","10.44","10.15","27.8","7.4 m -   17 m","1"
"(2024 ES5)","2024-Mar-27 03:00 ± < 00:01","0.00479","0.00479","10.10","10.05","25.4","22 m -   49 m","1"
"(2024 FK)","2024-Mar-29 17:42 ± < 00:01","0.00803","0.00800","19.15","19.13","25.1","25 m -   56 m","1"
"674942 (2015 TX143)","2024-Apr-05 05:57 ± < 00:01","0.09702","0.09702","15.22","15.21","19.7","300 m -  680 m","1"
"(2024 FH2)","2024-Apr-07 18:32 ± < 00:01","0.04104","0.04081","19.67","19.66","22.3","91 m -  200 m","1"
"(2024 ED6)","2024-Apr-08 08:47 ± < 00:01","0.01399","0.01399","6.70","6.67","24.2","39 m -   86 m","1"
"679656 (2020 BP13)","2024-Apr-09 02:32 ± < 00:01","0.03886","0.03886","6.80","6.79","21.1","160 m -  360 m","1"
"363599 (2004 FG11)","2024-Apr-11 09:36 ± < 00:01","0.05210","0.05210","24.74","24.74","21.0","0.152±0.003 km","1"
"(2024 GJ2)","2024-Apr-11 18:30 ± < 00:01","0.00012","0.00012","14.38","12.81","30.4","2.2 m -  5.0 m","1"
"(2024 HX)","2024-Apr-14 16:30 ± < 00:01","0.00142","0.00142","9.64","9.45","27.4","8.9 m -   20 m","1"
"517681 (2015 DE198)","2024-Apr-15 14:08 ± < 00:01","0.04699","0.04699","14.18","14.18","18.9","450 m -  1.0 km","1"
"(2024 GN2)","2024-Apr-16 14:19 ± < 00:01","0.00312","0.00311","18.51","18.46","26.3","15 m -   33 m","1"
"(2024 GS5)","2024-Apr-16 21:41 ± < 00:01","0.00464","0.00462","18.32","18.28","26.0","17 m -   37 m","1"
"(2024 HY)","2024-Apr-22 17:51 ± < 00:01","0.01471","0.01468","9.22","9.20","23.7","49 m -  110 m","1"
"(2024 JV)","2024-Apr-29 02:52 ±    00:01","0.00526","0.00524","13.76","13.72","24.6","31 m -   70 m","1"
"(2024 HO2)","2024-Apr-29 15:18 ± < 00:01","0.00025","0.00025","9.24","8.00","29.5","3.4 m -  7.6 m","1"
"(2022 TN1)","2024-Apr-30 23:57 ± < 00:01","0.04766","0.04766","17.74","17.73","20.2","240 m -  530 m","1"
"(2024 JA2)","2024-May-03 02:17 ± < 00:01","0.00858","0.00855","24.25","24.24","24.1","39 m -   88 m","1"
"(2024 JM2)","2024-May-04 03:23 ± < 00:01","0.01776","0.01771","11.78","11.77","23.8","47 m -  100 m","1"
"(2024 HK1)","2024-May-04 19:45 ± < 00:01","0.00461","0.00461","8.65","8.58","25.5","22 m -   48 m","1"
"(2024 FR5)","2024-May-05 21:34 ± < 00:01","0.01263","0.01263","5.19","5.15","24.3","36 m -   81 m","1"
"(2024 JA15)","2024-May-08 08:05 ± < 00:01","0.00688","0.00686","14.81","14.78","25.0","26 m -   59 m","1"
"(2024 JL3)","2024-May-08 15:36 ± < 00:01","0.00252","0.00251","18.49","18.43","26.4","14 m -   31 m","1"
"(2024 JT3)","2024-May-09 09:36 ± < 00:01","0.00017","0.00017","10.88","9.35","29.1","4.0 m -  8.9 m","1"
"(2024 JN3)","2024-May-09 12:50 ± < 00:01","0.00201","0.00201","13.02","12.92","26.9","11 m -   24 m","1"
"(2024 JB2)","2024-May-13 04:53 ± < 00:01","0.02966","0.02948","17.71","17.71","23.4","55 m -  120 m","1"
"(2015 KJ19)","2024-May-14 02:43 ± < 00:01","0.04039","0.04039","23.10","23.10","22.5","84 m -  190 m","1"
"(2024 JN16)","2024-May-14 09:49 ± < 00:01","0.00017","0.00017","9.26","7.34","29.6","3.2 m -  7.2 m","1"
"(2015 WO1)","2024-May-20 22:09 ± < 00:01","0.01906","0.01906","15.62","15.61","22.7","77 m -  170 m","1"
"(2017 TN6)","2024-May-22 04:04 ± < 00:01","0.06611","0.06611","15.99","15.99","21.2","160 m -  350 m","1"
"(2024 JG15)","2024-May-22 18:31 ± < 00:01","0.01702","0.01694","10.81","10.79","23.8","47 m -  100 m","1"
"(2024 JZ6)","2024-May-23 14:09 ± < 00:01","0.03739","0.03739","13.84","13.84","20.7","190 m -  430 m","1"
"(2024 HP)","2024-May-23 17:02 ± < 00:01","0.03958","0.03958","7.67","7.66","21.5","130 m -  290 m","1"
"388945 (2008 TZ3)","2024-May-25 14:33 ± < 00:01","0.07491","0.07491","7.66","7.66","20.4","220 m -  480 m","1"
"(2024 KR)","2024-May-29 06:27 ± < 00:01","0.04143","0.04141","17.11","17.11","21.6","130 m -  290 m","1"
"(2024 KP)","2024-May-29 10:08 ± < 00:01","0.00541","0.00541","12.23","12.19","25.8","18 m -   40 m","1"
"(2008 XH)","2024-May-31 13:03 ± < 00:01","0.03535","0.03535","14.69","14.69","23.2","61 m -  140 m","1"
"(2016 JC6)","2024-Jun-01 18:34 ± < 00:01","0.05083","0.05083","7.09","7.08","21.4","0.192±0.054 km","1"
"14827 Hypnos (1986 JK)","2024-Jun-02 20:59 ± < 00:01","0.07844","0.07844","13.95","13.94","18.8","0.9 km","1"
"(2024 LH1)","2024-Jun-06 14:02 ± < 00:01","0.00005","0.00005","17.40","14.30","30.8","1.8 m -  4.1 m","1"
"(2021 LW3)","2024-Jun-06 21:14 ± < 00:01","0.02479","0.02479","9.84","9.83","23.1","64 m -  140 m","1"
"(2024 CR9)","2024-Jun-11 00:03 ± < 00:01","0.04924","0.04924","7.38","7.37","19.5","340 m -  760 m","1"
"(2024 KC1)","2024-Jun-12 14:35 ± < 00:01","0.05729","0.05713","26.44","26.44","20.3","230 m -  520 m","1"
"(2024 LZ4)","2024-Jun-16 03:55 ± < 00:01","0.00186","0.00186","21.42","21.35","26.1","16 m -   36 m","1"
"(2024 LJ6)","2024-Jun-16 09:38 ± < 00:01","0.01437","0.01424","16.69","16.68","24.1","40 m -   89 m","1"
"504034 (2005 UJ159)","2024-Jun-16 20:55 ± < 00:01","0.07309","0.07309","31.81","31.81","17.6","800 m -  1.8 km","1"
"(2024 MC)","2024-Jun-19 19:28 ± < 00:01","0.01666","0.01662","14.34","14.33","24.0","43 m -   96 m","1"
"(2024 LO3)","2024-Jun-20 23:02 ± < 00:01","0.00481","0.00480","8.05","7.98","26.0","17 m -   38 m","1"
"(2024 LJ)","2024-Jun-22 00:01 ± < 00:01","0.02265","0.02264","18.50","18.49","23.6","50 m -  110 m","1"
"(2024 NA)","2024-Jun-27 04:53 ± < 00:01","0.01097","0.01094","10.80","10.78","24.9","28 m -   63 m","1"
"(2024 JJ25)","2024-Jun-30 19:36 ± < 00:01","0.02683","0.02683","9.35","9.34","22.4","88 m -  200 m","1"
"207398 (2006 AS2)","2024-Jul-02 05:33 ± < 00:01","0.05588","0.05588","18.11","18.11","20.4","220 m -  500 m","1"
"585310 (2017 YZ1)","2024-Jul-03 15:16 ± < 00:01","0.07133","0.07133","15.21","15.21","20.4","220 m -  490 m","1"
"(2014 GK1)","2024-Jul-04 09:57 ± < 00:01","0.09496","0.09496","6.93","6.92","19.8","290 m -  660 m","1"
"523808 (2007 ML24)","2024-Jul-05 12:48 ± < 00:01","0.09038","0.09038","17.90","17.90","19.3","360 m -  810 m","1"
"(2024 MT1)","2024-Jul-08 01:10 ± < 00:01","0.01008","0.01007","18.12","18.10","23.3","58 m -  130 m","1"
"187040 (2005 JS108)","2024-Jul-14 16:08 ± < 00:01","0.08673","0.08673","10.47","10.47","19.2","0.430±0.046 km","1"
"(2024 NG4)","2024-Jul-14 20:02 ± < 00:01","0.00369","0.00367","19.37","19.34","25.6","20 m -   46 m","1"
"(2024 KV)","2024-Jul-16 09:37 ± < 00:01","0.05654","0.05653","16.14","16.14","21.3","150 m -  330 m","1"
"(2024 NM3)","2024-Jul-17 14:49 ± < 00:01","0.00520","0.00520","7.37","7.30","25.2","25 m -   55 m","1"
"(2024 LY2)","2024-Jul-23 07:52 ± < 00:01","0.03071","0.03070","7.82","7.81","22.9","69 m -  150 m","1"
"(2024 OA)","2024-Jul-24 06:05 ± < 00:01","0.00601","0.00600","13.28","13.25","25.4","22 m -   48 m","1"
"(2011 MW1)","2024-Jul-25 13:29 ± < 00:01","0.02580","0.02580","8.04","8.03","22.4","90 m -  200 m","1"
"(2024 NN3)","2024-Jul-26 14:02 ± < 00:01","0.07049","0.07014","27.05","27.05","20.7","190 m -  430 m","1"
"(2011 AM24)","2024-Jul-26 15:57 ± < 00:01","0.04311","0.04311","6.20","6.19","20.5","0.511±0.004 km","1"
"(2024 PF2)","2024-Jul-28 17:13 ±    00:07","0.00233","0.00232","7.11","6.95","25.6","20 m -   45 m","1"
"(2024 OE)","2024-Aug-01 14:12 ± < 00:01","0.00995","0.00994","9.32","9.29","23.8","47 m -  100 m","1"
"(2024 NS1)","2024-Aug-02 00:05 ± < 00:01","0.01354","0.01354","7.58","7.56","24.5","34 m -   76 m","1"
"(2024 OM1)","2024-Aug-06 21:40 ± < 00:01","0.00935","0.00935","12.21","12.19","24.3","36 m -   81 m","1"
"(2024 KH3)","2024-Aug-10 15:13 ± < 00:01","0.03728","0.03727","11.42","11.42","21.3","150 m -  320 m","1"
"(2024 PP5)","2024-Aug-12 04:03 ± < 00:01","0.00406","0.00405","19.35","19.31","26.2","15 m -   34 m","1"
"(2024 PF6)","2024-Aug-13 23:00 ± < 00:01","0.00812","0.00812","13.04","13.02","25.2","24 m -   54 m","1"
"(2022 BF2)","2024-Aug-17 23:23 ± < 00:01","0.03394","0.03393","17.05","17.05","22.9","68 m -  150 m","1"
"(2024 QA)","2024-Aug-19 05:00 ± < 00:01","0.00473","0.00472","21.66","21.64","25.8","19 m -   42 m","1"
"(2024 JV33)","2024-Aug-19 10:07 ± < 00:01","0.03068","0.03068","11.08","11.07","21.3","150 m -  330 m","1"
"(2024 QG)","2024-Aug-28 16:09 ± < 00:01","0.01106","0.01103","22.40","22.39","24.7","30 m -   67 m","1"
"(2024 QH2)","2024-Aug-29 23:00 ± < 00:01","0.00222","0.00221","18.48","18.41","26.8","12 m -   26 m","1"
"(2024 RY)","2024-Aug-30 23:52 ± < 00:01","0.00605","0.00604","8.95","8.90","25.2","24 m -   53 m","1"
"(2024 RG10)","2024-Sep-03 04:12 ± < 00:01","0.01305","0.01302","12.67","12.65","23.8","47 m -  110 m","1"
"(2024 RL3)","2024-Sep-04 17:15 ± < 00:01","0.00027","0.00027","8.08","6.77","29.1","4.1 m -  9.1 m","1"
"(2024 RR3)","2024-Sep-07 07:51 ± < 00:01","0.00240","0.00240","16.62","16.55","26.9","11 m -   24 m","1"
"(2024 RA14)","2024-Sep-10 05:28 ± < 00:01","0.00862","0.00861","11.79","11.76","25.0","27 m -   59 m","1"
"(2024 QS1)","2024-Sep-12 06:03 ± < 00:01","0.03091","0.03090","14.27","14.27","22.1","100 m -  230 m","1"
"(2024 RQ)","2024-Sep-16 10:37 ± < 00:01","0.00350","0.00350","6.70","6.59","25.3","24 m -   53 m","1"
"(2013 FW13)","2024-Sep-18 06:29 ± < 00:01","0.02172","0.02172","15.56","15.55","21.7","120 m -  270 m","1"
"(2024 SA1)","2024-Sep-20 03:55 ± < 00:01","0.01288","0.01285","13.11","13.09","23.1","64 m -  140 m","1"
"(2024 RY15)","2024-Sep-21 06:59 ± < 00:01","0.00601","0.00600","13.56","13.53","25.6","21 m -   46 m","1"
"(2024 SE3)","2024-Sep-25 01:57 ± < 00:01","0.00297","0.00296","10.68","10.59","26.3","15 m -   32 m","1"
"(2024 TK)","2024-Sep-26 16:41 ±    00:02","0.02033","0.02016","15.63","15.63","23.1","62 m -  140 m","1"
"(2024 TL1)","2024-Sep-27 21:18 ±    00:07","0.02409","0.02388","23.67","23.66","23.4","56 m -  130 m","1"
"(2024 SR)","2024-Sep-28 04:35 ± < 00:01","0.00795","0.00792","16.89","16.87","25.4","22 m -   50 m","1"
"(2024 SV2)","2024-Sep-28 17:01 ± < 00:01","0.00033","0.00033","11.53","10.80","28.6","5.1 m -   11 m","1"
"(2024 TT)","2024-Sep-30 15:05 ±    00:01","0.00097","0.00096","7.45","7.07","27.6","8.0 m -   18 m","1"
"(2024 RO2)","2024-Oct-02 06:18 ± < 00:01","0.01075","0.01075","9.18","9.16","24.9","28 m -   62 m","1"
"(2024 TU3)","2024-Oct-03 15:02 ± < 00:01","0.00067","0.00067","8.58","8.10","28.3","5.8 m -   13 m","1"
"(2024 TS2)","2024-Oct-04 11:05 ±    00:01","0.00128","0.00128","15.86","15.73","27.0","10 m -   23 m","1"
"(2023 RG10)","2023-Oct-08 01:02 ±    00:01","0.08259","0.08254","2.63","2.62","25.4","23 m -   51 m","0"
"(2023 UA4)","2023-Oct-08 01:07 ±    00:19","0.03299","0.03238","11.84","11.84","26.3","14 m -   32 m","0"
"(2023 SA1)","2023-Oct-08 08:32 ±    00:02","0.04576","0.04563","5.89","5.88","25.7","19 m -   43 m","0"
"(2023 RL21)","2023-Oct-08 11:37 ± < 00:01","0.06282","0.06277","9.00","8.99","25.1","25 m -   56 m","0"
"(2023 TA1)","2023-Oct-08 12:51 ± < 00:01","0.02388","0.02381","8.34","8.32","26.5","13 m -   30 m","0"
"(2023 TM4)","2023-Oct-08 12:58 ± < 00:01","0.09451","0.09402","8.78","8.78","25.2","24 m -   54 m","0"
"(2018 ER1)","2023-Oct-08 14:03 ±    00:40","0.03208","0.03170","5.29","5.28","25.7","19 m -   43 m","0"
"(2023 TS5)","2023-Oct-08 14:15 ±    00:39","0.02302","0.02259","7.51","7.49","28.0","6.7 m -   15 m","0"
"(2023 TY10)","2023-Oct-08 16:03 ±    00:04","0.00393","0.00389","15.52","15.48","28.7","4.8 m -   11 m","0"
"(2023 TJ8)","2023-Oct-08 16:19 ± < 00:01","0.02668","0.02660","8.07","8.06","27.4","8.8 m -   20 m","0"
"(2023 UK)","2023-Oct-08 17:15 ±    00:11","0.03516","0.03469","12.90","12.90","26.1","16 m -   35 m","0"
"(2023 UF)","2023-Oct-09 00:04 ±    04:30","0.01251","0.01211","10.43","10.41","27.9","7.0 m -   16 m","0"
"(2023 UZ2)","2023-Oct-09 02:35 ±    00:35","0.03307","0.03298","3.77","3.75","26.9","11 m -   25 m","0"
"(2023 TX6)","2023-Oct-09 05:07 ± < 00:01","0.00311","0.00310","8.38","8.28","29.2","3.9 m -  8.8 m","0"
"(2023 TN22)","2023-Oct-09 09:12 ±    00:04","0.04434","0.04358","9.20","9.20","25.5","21 m -   47 m","0"
"(2023 TL)","2023-Oct-09 10:28 ± < 00:01","0.02122","0.02112","13.92","13.91","24.5","33 m -   74 m","0"
"(2023 TY9)","2023-Oct-09 12:38 ± < 00:01","0.01253","0.01250","17.96","17.95","25.0","27 m -   61 m","0"
"(2023 TW)","2023-Oct-09 14:18 ± < 00:01","0.00531","0.00530","7.69","7.63","27.3","9.3 m -   21 m","0"
"(2023 TZ5)","2023-Oct-09 17:02 ± < 00:01","0.01557","0.01554","13.54","13.52","26.6","12 m -   28 m","0"
"(2007 UM12)","2023-Oct-09 17:37 ± < 00:01","0.07744","0.07744","7.30","7.30","21.5","130 m -  300 m","0"
"(2023 TM15)","2023-Oct-09 18:21 ± < 00:01","0.02031","0.02018","17.07","17.06","26.8","11 m -   26 m","0"
"(2023 TX19)","2023-Oct-09 20:18 ±    00:09","0.01991","0.01961","14.63","14.62","25.5","21 m -   47 m","0"
"(2023 TR)","2023-Oct-09 22:04 ± < 00:01","0.01061","0.01057","7.45","7.42","26.1","16 m -   35 m","0"
"(2023 TZ65)","2023-Oct-10 02:27 ±    00:03","0.00120","0.00120","21.59","21.49","29.6","3.2 m -  7.0 m","0"
"(2023 TO)","2023-Oct-10 04:43 ± < 00:01","0.00970","0.00970","10.67","10.65","26.3","15 m -   33 m","0"
"(2023 TA7)","2023-Oct-10 07:01 ± < 00:01","0.03173","0.03163","10.43","10.42","24.9","28 m -   64 m","0"
"(2023 UC2)","2023-Oct-10 16:27 ±    00:02","0.02078","0.02066","16.08","16.07","26.8","12 m -   26 m","0"
"(2023 TG8)","2023-Oct-10 20:22 ± < 00:01","0.00780","0.00779","12.52","12.49","28.1","6.4 m -   14 m","0"
"(2023 TZ4)","2023-Oct-10 23:01 ± < 00:01","0.02756","0.02748","8.68","8.67","25.4","22 m -   50 m","0"
"(2023 TH8)","2023-Oct-10 23:23 ± < 00:01","0.00629","0.00627","29.53","29.52","26.4","14 m -   31 m","0"
"(2023 UD)","2023-Oct-10 23:41 ± < 00:01","0.01290","0.01287","10.00","9.98","27.5","8.5 m -   19 m","0"
"(2023 TF2)","2023-Oct-11 02:03 ± < 00:01","0.02441","0.02416","19.04","19.04","25.4","22 m -   48 m","0"
"(2023 TE)","2023-Oct-11 04:37 ± < 00:01","0.01088","0.01086","5.58","5.54","26.9","11 m -   24 m","0"
"(2023 TP22)","2023-Oct-11 06:05 ± < 00:01","0.04274","0.04257","13.88","13.87","22.8","73 m -  160 m","0"
"(2023 TU9)","2023-Oct-11 06:21 ± < 00:01","0.03307","0.03300","12.40","12.39","23.3","58 m -  130 m","0"
"(2023 UQ1)","2023-Oct-11 07:46 ±    00:03","0.02475","0.02450","8.37","8.36","26.5","14 m -   30 m","0"
"(2023 UM3)","2023-Oct-11 11:06 ±    00:07","0.04083","0.04056","14.23","14.23","25.0","26 m -   59 m","0"
"(2023 SQ2)","2023-Oct-11 12:44 ± < 00:01","0.07390","0.07385","4.60","4.59","26.0","17 m -   38 m","0"
"(2023 UZ8)","2023-Oct-11 12:52 ±    00:04","0.02269","0.02249","5.52","5.50","26.8","12 m -   26 m","0"
"(2022 UX1)","2023-Oct-11 13:53 ±    04:47","0.00801","0.00492","8.58","8.54","28.0","6.7 m -   15 m","0"
"(2023 TM1)","2023-Oct-11 14:47 ±    00:04","0.06539","0.06486","7.11","7.11","25.9","18 m -   40 m","0"
"(2023 UY8)","2023-Oct-11 15:01 ±    01:59","0.01217","0.01183","9.43","9.40","26.0","17 m -   38 m","0"
"(2023 RD11)","2023-Oct-11 20:35 ± < 00:01","0.03280","0.03276","9.53","9.52","24.6","31 m -   70 m","0"
"(2023 TF4)","2023-Oct-11 21:52 ± < 00:01","0.01533","0.01529","8.72","8.70","26.8","12 m -   26 m","0"
"(2023 TA16)","2023-Oct-11 22:43 ± < 00:01","0.00505","0.00504","19.58","19.55","28.1","6.3 m -   14 m","0"
"(2023 TS1)","2023-Oct-11 22:51 ±    00:03","0.08675","0.08585","10.29","10.28","24.1","39 m -   88 m","0"
"(2023 TZ9)","2023-Oct-12 00:18 ±    00:04","0.02793","0.02777","15.06","15.05","24.9","28 m -   63 m","0"
"(2015 KW120)","2023-Oct-12 02:37 ± < 00:01","0.04658","0.04658","13.03","13.03","26.0","17 m -   38 m","0"
"(2023 TA10)","2023-Oct-12 05:59 ± < 00:01","0.04671","0.04664","9.40","9.40","24.1","39 m -   88 m","0"
"(2023 TP1)","2023-Oct-12 06:37 ± < 00:01","0.03565","0.03521","13.24","13.24","24.7","31 m -   69 m","0"
"(2023 TS16)","2023-Oct-12 12:38 ± < 00:01","0.02386","0.02381","11.17","11.16","26.0","17 m -   38 m","0"
"(2023 TL8)","2023-Oct-12 13:24 ± < 00:01","0.02361","0.02354","9.84","9.83","25.2","25 m -   55 m","0"
"(2023 SM7)","2023-Oct-12 17:07 ± < 00:01","0.08167","0.08150","6.95","6.95","24.5","33 m -   74 m","0"
"(2024 FN3)","2023-Oct-12 18:08 ±    01:48","0.09037","0.08989","7.15","7.14","25.4","23 m -   51 m","0"
"(2023 UL)","2023-Oct-12 18:45 ± < 00:01","0.01532","0.01528","9.29","9.28","28.1","6.4 m -   14 m","0"
"(2023 TT)","2023-Oct-12 22:18 ± < 00:01","0.07367","0.07331","15.68","15.68","24.1","41 m -   91 m","0"
"(2023 TF3)","2023-Oct-12 23:28 ±    00:03","0.02831","0.02815","19.61","19.61","25.6","20 m -   44 m","0"
"(2023 TU15)","2023-Oct-12 23:46 ±    00:02","0.00195","0.00194","12.02","11.90","29.2","3.9 m -  8.8 m","0"
"(2023 TC1)","2023-Oct-13 02:57 ± < 00:01","0.02703","0.02690","8.12","8.11","26.9","11 m -   25 m","0"
"(2023 TB4)","2023-Oct-13 04:06 ± < 00:01","0.01739","0.01730","10.62","10.60","26.9","11 m -   25 m","0"
"(2023 TJ1)","2023-Oct-13 05:24 ±    00:05","0.05010","0.04927","9.06","9.06","25.2","24 m -   53 m","0"
"(2023 TK12)","2023-Oct-13 05:41 ±    00:03","0.03056","0.03037","17.76","17.75","25.8","19 m -   42 m","0"
"(2023 TE8)","2023-Oct-13 07:55 ± < 00:01","0.04403","0.04351","12.34","12.33","26.1","16 m -   36 m","0"
"(2023 SL3)","2023-Oct-13 10:39 ± < 00:01","0.06848","0.06822","15.09","15.09","23.0","66 m -  150 m","0"
"(2023 TP15)","2023-Oct-13 14:20 ± < 00:01","0.00746","0.00744","22.92","22.91","26.0","17 m -   38 m","0"
"(2023 TM27)","2023-Oct-13 15:09 ± < 00:01","0.00344","0.00344","12.54","12.48","28.7","4.8 m -   11 m","0"
"(2023 TE1)","2023-Oct-13 15:30 ± < 00:01","0.08761","0.08602","19.40","19.39","24.7","31 m -   68 m","0"
"(2023 TU5)","2023-Oct-13 18:37 ± < 00:01","0.01182","0.01159","8.34","8.31","27.8","7.4 m -   16 m","0"
"(2023 TD4)","2023-Oct-13 22:56 ± < 00:01","0.01444","0.01435","6.42","6.39","27.2","9.6 m -   21 m","0"
"(2023 TR3)","2023-Oct-14 03:47 ± < 00:01","0.06758","0.06736","13.34","13.33","24.3","38 m -   84 m","0"
"(2023 TJ12)","2023-Oct-14 05:23 ± < 00:01","0.02729","0.02709","10.66","10.65","26.7","12 m -   28 m","0"
"(2023 UE)","2023-Oct-14 05:45 ± < 00:01","0.00501","0.00501","5.22","5.12","28.9","4.5 m - 10.0 m","0"
"(2023 TV26)","2023-Oct-14 06:06 ±    00:13","0.07489","0.07404","7.84","7.84","25.9","17 m -   39 m","0"
"(2016 CZ135)","2023-Oct-14 06:07 ± < 00:01","0.09735","0.09735","12.22","12.21","20.6","200 m -  450 m","0"
"(2023 TO4)","2023-Oct-14 06:59 ± < 00:01","0.00476","0.00475","16.79","16.75","27.5","8.3 m -   18 m","0"
"(2023 US5)","2023-Oct-14 08:31 ±    00:38","0.05513","0.05387","6.48","6.47","27.0","11 m -   24 m","0"
"(2008 TF)","2023-Oct-14 08:45 ± < 00:01","0.08263","0.08263","17.21","17.20","21.9","110 m -  250 m","0"
"(2023 TD7)","2023-Oct-14 11:11 ± < 00:01","0.00115","0.00114","10.09","9.86","29.2","3.8 m -  8.6 m","0"
"(2023 TB5)","2023-Oct-14 11:52 ±    00:04","0.07671","0.07511","8.41","8.41","24.6","33 m -   73 m","0"
"(2023 TQ3)","2023-Oct-14 12:36 ± < 00:01","0.00985","0.00984","11.25","11.23","25.6","20 m -   45 m","0"
"(2023 TO17)","2023-Oct-14 14:35 ± < 00:01","0.00036","0.00036","15.16","14.67","29.7","3.1 m -  6.9 m","0"
"(2023 TD8)","2023-Oct-14 16:14 ± < 00:01","0.01444","0.01439","9.86","9.84","28.1","6.3 m -   14 m","0"
"(2023 UY)","2023-Oct-14 17:43 ±    00:02","0.00104","0.00104","8.03","7.71","30.0","2.7 m -  6.1 m","0"
"(2023 UL1)","2023-Oct-14 18:05 ±    00:08","0.09142","0.09098","17.46","17.46","24.7","30 m -   67 m","0"
"(2023 US2)","2023-Oct-15 02:30 ±    00:22","0.02344","0.02302","11.85","11.84","27.0","10 m -   23 m","0"
"(2023 TC7)","2023-Oct-15 03:20 ± < 00:01","0.00445","0.00445","6.80","6.72","26.9","11 m -   25 m","0"
"(2023 TZ6)","2023-Oct-15 04:47 ± < 00:01","0.02839","0.02818","12.51","12.50","26.4","14 m -   31 m","0"
"(2022 WT11)","2023-Oct-15 05:18 ± < 00:01","0.08843","0.08843","7.74","7.73","24.1","41 m -   92 m","0"
"(2023 UJ6)","2023-Oct-15 09:43 ±    00:03","0.02361","0.02338","19.24","19.23","27.6","8.1 m -   18 m","0"
"(2023 UY1)","2023-Oct-15 10:06 ±    00:18","0.02768","0.02735","6.16","6.14","27.2","9.8 m -   22 m","0"
"(2023 TD167)","2023-Oct-15 13:11 ± < 00:01","0.00664","0.00662","3.26","3.14","29.4","3.6 m -  7.9 m","0"
"(2022 UY)","2023-Oct-15 13:51 ± < 00:01","0.08096","0.08096","8.29","8.28","25.5","21 m -   47 m","0"
"(2023 UX1)","2023-Oct-15 16:34 ±    00:03","0.01679","0.01667","20.73","20.73","26.0","17 m -   37 m","0"
"(2021 TC1)","2023-Oct-15 19:06 ± < 00:01","0.09809","0.09808","4.30","4.30","25.3","23 m -   51 m","0"
"(2023 UB)","2023-Oct-15 19:08 ± < 00:01","0.00039","0.00039","15.55","15.11","30.1","2.6 m -  5.8 m","0"
"(2023 RO49)","2023-Oct-15 20:09 ± < 00:01","0.06571","0.06571","4.34","4.33","24.4","35 m -   78 m","0"
"(2023 TZ8)","2023-Oct-15 20:35 ±    00:06","0.02842","0.02815","9.43","9.42","26.7","12 m -   28 m","0"
"(2007 SQ6)","2023-Oct-15 23:26 ± < 00:01","0.04956","0.04956","6.45","6.45","22.2","97 m -  220 m","0"
"(2023 UT2)","2023-Oct-16 01:28 ± < 00:01","0.05293","0.05288","16.31","16.30","22.9","71 m -  160 m","0"
"(2023 US)","2023-Oct-16 05:14 ± < 00:01","0.02803","0.02787","8.63","8.62","25.8","18 m -   40 m","0"
"(2023 UH4)","2023-Oct-16 07:36 ±    03:33","0.06644","0.06512","10.20","10.19","26.2","15 m -   34 m","0"
"(2023 TA4)","2023-Oct-16 08:07 ± < 00:01","0.01869","0.01865","4.15","4.11","27.6","8.1 m -   18 m","0"
"(2023 TR15)","2023-Oct-16 09:35 ±    00:01","0.00881","0.00879","8.78","8.75","28.0","6.6 m -   15 m","0"
"(2023 UR2)","2023-Oct-16 11:17 ± < 00:01","0.00858","0.00856","8.18","8.14","26.4","14 m -   31 m","0"
"(2017 HG)","2023-Oct-16 11:47 ± 7_14:58","0.06941","0.00986","14.16","14.16","26.1","16 m -   35 m","0"
"(2023 UL9)","2023-Oct-16 13:37 ±    00:05","0.03786","0.03715","13.41","13.41","25.8","18 m -   41 m","0"
"(2019 UZ3)","2023-Oct-16 13:53 ± 7_11:48","0.02456","0.01798","8.31","8.30","27.0","11 m -   24 m","0"
"(2023 TT8)","2023-Oct-16 18:41 ± < 00:01","0.01480","0.01477","7.93","7.90","26.6","13 m -   28 m","0"
"(2023 TN15)","2023-Oct-16 22:45 ±    00:10","0.03171","0.03159","3.86","3.84","27.4","8.8 m -   20 m","0"
"(2023 TH5)","2023-Oct-17 00:39 ± < 00:01","0.07400","0.07343","11.34","11.33","23.9","44 m -   97 m","0"
"(2023 UM10)","2023-Oct-17 07:03 ±    01:34","0.00502","0.00492","10.14","10.09","27.9","7.1 m -   16 m","0"
"(2023 UU1)","2023-Oct-17 11:41 ± < 00:01","0.00352","0.00351","9.14","9.05","27.4","8.6 m -   19 m","0"
"(2023 TF8)","2023-Oct-17 12:40 ± < 00:01","0.01408","0.01398","20.12","20.11","26.9","11 m -   25 m","0"
"(2023 TT15)","2023-Oct-17 15:20 ± < 00:01","0.01598","0.01593","6.42","6.39","28.1","6.4 m -   14 m","0"
"(2023 TH12)","2023-Oct-17 15:54 ± < 00:01","0.01984","0.01979","8.34","8.33","26.0","17 m -   38 m","0"
"(2023 TT16)","2023-Oct-17 16:34 ± < 00:01","0.00351","0.00350","20.19","20.16","27.9","7.0 m -   16 m","0"
"(2023 UR3)","2023-Oct-17 20:55 ± < 00:01","0.01723","0.01716","8.34","8.33","26.3","15 m -   33 m","0"
"(2023 TT36)","2023-Oct-18 00:01 ±    00:02","0.02993","0.02957","7.13","7.11","26.4","14 m -   31 m","0"
"(2023 TK2)","2023-Oct-18 04:10 ±    00:06","0.09741","0.09684","4.80","4.79","25.3","23 m -   52 m","0"
"(2023 UX2)","2023-Oct-18 07:29 ± < 00:01","0.00136","0.00136","18.75","18.64","29.5","3.3 m -  7.5 m","0"
"(2023 UJ1)","2023-Oct-18 07:44 ± < 00:01","0.03427","0.03400","14.69","14.68","26.1","16 m -   36 m","0"
"(2023 UL3)","2023-Oct-18 08:08 ± < 00:01","0.00991","0.00988","13.54","13.52","26.6","12 m -   28 m","0"
"(2023 UH9)","2023-Oct-18 17:12 ±    00:10","0.00070","0.00069","9.41","8.99","30.8","1.8 m -  4.1 m","0"
"(2023 UQ10)","2023-Oct-18 17:20 ±    00:39","0.00980","0.00958","7.37","7.33","27.3","9.2 m -   21 m","0"
"(2023 UF3)","2023-Oct-18 18:32 ±    00:01","0.01110","0.01106","7.16","7.13","27.2","9.5 m -   21 m","0"
"(2017 UD1)","2023-Oct-18 18:53 ± < 00:01","0.09455","0.09455","11.61","11.61","24.8","29 m -   65 m","0"
"(2023 UP6)","2023-Oct-18 20:08 ± < 00:01","0.03180","0.03153","16.22","16.22","25.6","20 m -   45 m","0"
"(2023 UR7)","2023-Oct-18 22:19 ± < 00:01","0.02111","0.02101","7.71","7.69","26.5","13 m -   30 m","0"
"(2022 UO10)","2023-Oct-19 00:38 ±    02:42","0.01984","0.01776","9.77","9.75","26.8","12 m -   26 m","0"
"(2023 UJ9)","2023-Oct-19 02:02 ± < 00:01","0.00495","0.00492","14.87","14.84","27.7","7.6 m -   17 m","0"
"(2023 TH4)","2023-Oct-19 02:30 ± < 00:01","0.01417","0.01413","5.41","5.38","27.0","10 m -   23 m","0"
"(2023 US6)","2023-Oct-19 02:38 ±    00:14","0.00896","0.00892","15.37","15.35","27.2","9.6 m -   21 m","0"
"(2023 TM14)","2023-Oct-19 07:07 ± < 00:01","0.02114","0.02109","6.96","6.95","26.7","12 m -   28 m","0"
"(2023 TY19)","2023-Oct-19 09:36 ±    00:01","0.03738","0.03686","9.19","9.19","26.5","14 m -   30 m","0"
"(2023 TP7)","2023-Oct-19 11:13 ± < 00:01","0.02052","0.02041","11.66","11.65","25.6","20 m -   46 m","0"
"(2023 UT8)","2023-Oct-19 13:18 ±    01:15","0.02817","0.02756","6.52","6.50","27.4","8.8 m -   20 m","0"
"(2023 UP)","2023-Oct-19 17:29 ± < 00:01","0.00681","0.00679","14.17","14.15","27.9","7.0 m -   16 m","0"
"(2023 UW4)","2023-Oct-19 17:58 ± < 00:01","0.00376","0.00375","10.89","10.83","28.1","6.4 m -   14 m","0"
"(2023 UM1)","2023-Oct-19 18:49 ±    00:02","0.06362","0.06310","15.56","15.55","25.0","27 m -   59 m","0"
"(2023 UM4)","2023-Oct-19 22:35 ±    00:05","0.01508","0.01495","9.63","9.61","26.4","14 m -   32 m","0"
"(2023 UW1)","2023-Oct-19 23:46 ± < 00:01","0.00533","0.00532","7.40","7.33","26.9","11 m -   25 m","0"
"(2023 UH13)","2023-Oct-20 01:29 ±    00:01","0.03567","0.03525","16.39","16.39","25.9","18 m -   39 m","0"
"(2020 UR)","2023-Oct-20 03:58 ± 5_17:43","0.01491","0.00911","12.91","12.90","27.9","7.0 m -   16 m","0"
"(2023 UM2)","2023-Oct-20 05:01 ±    00:05","0.06298","0.06167","11.38","11.37","25.1","25 m -   55 m","0"
"(2023 UH)","2023-Oct-20 09:16 ± < 00:01","0.01731","0.01724","11.09","11.08","26.1","16 m -   35 m","0"
"(2023 VC8)","2023-Oct-20 19:27 ±    00:02","0.07427","0.07420","7.03","7.03","23.0","68 m -  150 m","0"
"(2013 UG1)","2023-Oct-20 20:37 ± < 00:01","0.08764","0.08764","11.99","11.98","22.6","81 m -  180 m","0"
"(2023 VB1)","2023-Oct-20 23:03 ±    00:05","0.03852","0.03823","7.23","7.22","25.7","19 m -   43 m","0"
"(2023 UD4)","2023-Oct-21 00:45 ± < 00:01","0.00339","0.00338","4.26","4.07","28.0","6.6 m -   15 m","0"
"(2023 UV1)","2023-Oct-21 01:13 ± < 00:01","0.00730","0.00729","9.69","9.65","26.6","13 m -   28 m","0"
"(2023 UE6)","2023-Oct-21 03:28 ±    00:02","0.01404","0.01394","7.35","7.33","27.6","7.9 m -   18 m","0"
"(2023 UB4)","2023-Oct-21 04:08 ± < 00:01","0.05018","0.04990","19.65","19.65","24.1","40 m -   90 m","0"
"(2023 TP9)","2023-Oct-21 04:13 ± < 00:01","0.05424","0.05343","20.93","20.93","24.2","38 m -   86 m","0"
"(2023 UQ6)","2023-Oct-21 04:17 ±    00:01","0.03133","0.03117","18.01","18.00","25.4","22 m -   50 m","0"
"(2023 UW)","2023-Oct-21 05:10 ± < 00:01","0.01077","0.01075","5.95","5.91","28.0","6.8 m -   15 m","0"
"(2023 UG3)","2023-Oct-21 10:08 ± < 00:01","0.01176","0.01172","12.13","12.11","26.3","14 m -   32 m","0"
"(2023 UL2)","2023-Oct-21 14:51 ± < 00:01","0.03748","0.03736","15.74","15.74","24.3","37 m -   82 m","0"
"(2023 UH1)","2023-Oct-21 16:14 ± < 00:01","0.02522","0.02517","5.06","5.04","27.1","10 m -   23 m","0"
"(2023 UE3)","2023-Oct-21 19:31 ± < 00:01","0.00634","0.00633","4.69","4.60","28.6","5.1 m -   11 m","0"
"(2023 UP2)","2023-Oct-21 23:22 ± < 00:01","0.00944","0.00937","8.74","8.71","26.7","12 m -   27 m","0"
"(2023 UG1)","2023-Oct-22 05:10 ± < 00:01","0.01126","0.01125","2.87","2.78","27.5","8.3 m -   19 m","0"
"(2023 TW4)","2023-Oct-22 05:50 ± < 00:01","0.01632","0.01626","10.54","10.52","25.6","20 m -   44 m","0"
"(2023 TX2)","2023-Oct-22 12:53 ± < 00:01","0.03389","0.03380","7.51","7.50","25.5","22 m -   48 m","0"
"(2023 TW26)","2023-Oct-22 13:30 ± < 00:01","0.00600","0.00599","5.63","5.55","28.6","5.1 m -   11 m","0"
"(2023 UZ)","2023-Oct-22 15:56 ± < 00:01","0.00629","0.00629","13.13","13.09","27.3","9.4 m -   21 m","0"
"(2023 TX10)","2023-Oct-22 23:35 ± < 00:01","0.07287","0.07270","6.40","6.40","25.6","20 m -   44 m","0"
"(2023 VS2)","2023-Oct-23 05:19 ±    00:06","0.07187","0.07107","11.90","11.89","23.7","47 m -  110 m","0"
"(2023 TP16)","2023-Oct-23 06:18 ±    00:04","0.00969","0.00968","1.50","1.30","29.8","2.9 m -  6.6 m","0"
"(2023 TV4)","2023-Oct-23 07:51 ± < 00:01","0.01297","0.01296","5.01","4.96","25.8","19 m -   42 m","0"
"(2023 VP)","2023-Oct-23 08:07 ±    00:05","0.03910","0.03870","12.52","12.51","24.6","33 m -   73 m","0"
"(2023 UU4)","2023-Oct-23 11:09 ± < 00:01","0.01380","0.01372","16.08","16.07","25.8","18 m -   41 m","0"
"(2023 UU6)","2023-Oct-23 12:10 ±    00:09","0.03290","0.03255","11.41","11.40","26.9","11 m -   25 m","0"
"(2023 TC6)","2023-Oct-23 13:06 ± < 00:01","0.03421","0.03387","8.45","8.44","25.0","27 m -   60 m","0"
"(2023 VC1)","2023-Oct-23 15:41 ±    00:02","0.01855","0.01848","4.36","4.33","26.4","14 m -   32 m","0"
"(2023 UN10)","2023-Oct-23 18:43 ± < 00:01","0.03894","0.03876","10.81","10.81","24.2","38 m -   85 m","0"
"(2023 VR1)","2023-Oct-23 19:31 ±    00:06","0.02854","0.02826","9.21","9.20","25.8","18 m -   41 m","0"
"(2023 UK3)","2023-Oct-23 19:47 ± < 00:01","0.00558","0.00557","8.67","8.61","29.2","3.8 m -  8.6 m","0"
"(2023 TM22)","2023-Oct-23 23:22 ± < 00:01","0.06441","0.06403","15.49","15.49","24.1","41 m -   92 m","0"
"(2023 VM)","2023-Oct-23 23:44 ±    00:04","0.03860","0.03800","20.99","20.99","23.9","45 m -  100 m","0"
"(2023 TX8)","2023-Oct-24 02:02 ± < 00:01","0.00852","0.00852","5.60","5.54","26.6","13 m -   29 m","0"
"(2022 UV5)","2023-Oct-24 04:41 ± < 00:01","0.07787","0.07787","5.56","5.56","25.7","20 m -   44 m","0"
"(2023 VY)","2023-Oct-24 06:33 ±    00:05","0.04373","0.04306","10.88","10.88","25.3","23 m -   52 m","0"
"(2023 VB)","2023-Oct-24 07:10 ±    00:02","0.01830","0.01822","12.14","12.13","25.2","24 m -   53 m","0"
"(2023 TW10)","2023-Oct-24 09:48 ±    00:01","0.08847","0.08671","14.85","14.85","24.0","42 m -   95 m","0"
"(2023 UO3)","2023-Oct-24 11:14 ± < 00:01","0.01740","0.01733","8.88","8.86","25.8","19 m -   41 m","0"
"(2023 VL)","2023-Oct-24 12:15 ± < 00:01","0.05181","0.05165","10.68","10.67","24.3","37 m -   84 m","0"
"(2023 UN7)","2023-Oct-24 16:52 ± < 00:01","0.03929","0.03916","14.12","14.12","24.1","41 m -   91 m","0"
"(2023 TE6)","2023-Oct-24 17:28 ± < 00:01","0.04353","0.04340","4.16","4.15","26.4","14 m -   31 m","0"
"(2023 RA4)","2023-Oct-24 18:42 ± < 00:01","0.02157","0.02157","3.93","3.90","24.7","31 m -   69 m","0"
"(2023 UH5)","2023-Oct-24 20:22 ± < 00:01","0.01847","0.01844","10.31","10.30","25.2","24 m -   54 m","0"
"(2023 VY2)","2023-Oct-25 00:27 ±    00:16","0.03961","0.03933","5.93","5.92","26.9","11 m -   25 m","0"
"(2023 UJ3)","2023-Oct-25 00:49 ±    00:54","0.04537","0.04517","4.19","4.17","27.2","9.7 m -   22 m","0"
"(2023 TX9)","2023-Oct-25 01:04 ± < 00:01","0.08996","0.08990","8.70","8.69","22.8","73 m -  160 m","0"
"(2023 UF6)","2023-Oct-25 03:28 ± < 00:01","0.02059","0.02051","15.34","15.33","25.9","18 m -   39 m","0"
"(2023 UR6)","2023-Oct-25 09:17 ± < 00:01","0.01238","0.01231","18.39","18.38","26.5","13 m -   30 m","0"
"(2023 VT)","2023-Oct-25 14:06 ±    00:15","0.02198","0.02190","9.54","9.53","26.3","14 m -   32 m","0"
"(2023 SO11)","2023-Oct-25 14:44 ± < 00:01","0.00854","0.00854","2.50","2.37","26.7","12 m -   27 m","0"
"(2017 TK6)","2023-Oct-25 20:18 ± < 00:01","0.07384","0.07384","13.59","13.58","24.6","32 m -   70 m","0"
"(2023 TG14)","2023-Oct-26 01:03 ± < 00:01","0.01062","0.01061","6.71","6.67","25.8","18 m -   40 m","0"
"(2023 UJ2)","2023-Oct-26 04:03 ±    00:04","0.03033","0.03020","3.25","3.22","24.4","36 m -   80 m","0"
"(2023 TR7)","2023-Oct-26 04:10 ± < 00:01","0.04953","0.04911","11.36","11.36","25.3","23 m -   51 m","0"
"(2022 UP20)","2023-Oct-26 06:57 ±    00:02","0.06599","0.06597","9.42","9.42","25.1","26 m -   57 m","0"
"(2010 GN67)","2023-Oct-26 08:34 ± < 00:01","0.09857","0.09857","14.40","14.40","22.2","97 m -  220 m","0"
"(2023 VD5)","2023-Oct-26 10:18 ± < 00:01","0.04422","0.04421","14.53","14.53","24.6","32 m -   71 m","0"
"(2023 TH7)","2023-Oct-26 19:13 ± < 00:01","0.08089","0.08060","19.90","19.90","23.3","57 m -  130 m","0"
"(2023 WR)","2023-Oct-26 21:01 ±    00:15","0.07310","0.07223","5.90","5.89","25.3","23 m -   52 m","0"
"(2023 VN2)","2023-Oct-26 21:18 ±    00:16","0.02859","0.02824","7.17","7.16","26.6","13 m -   28 m","0"
"(2023 VQ2)","2023-Oct-26 23:41 ±    00:14","0.00906","0.00899","9.13","9.10","26.4","14 m -   31 m","0"
"(2023 VP1)","2023-Oct-27 07:07 ±    00:06","0.09489","0.09335","14.80","14.80","23.7","49 m -  110 m","0"
"(2023 UO7)","2023-Oct-27 09:12 ± < 00:01","0.00276","0.00275","13.81","13.74","28.3","5.8 m -   13 m","0"
"(2023 UV6)","2023-Oct-27 11:16 ± < 00:01","0.02625","0.02615","7.31","7.30","26.4","14 m -   31 m","0"
"(2023 UK4)","2023-Oct-27 12:22 ± < 00:01","0.02994","0.02958","11.31","11.30","26.6","13 m -   29 m","0"
"(2023 VJ1)","2023-Oct-27 13:59 ±    00:08","0.05411","0.05350","8.55","8.54","25.2","24 m -   53 m","0"
"(2023 VA1)","2023-Oct-27 16:43 ±    00:02","0.02088","0.02070","15.59","15.58","25.1","26 m -   57 m","0"
"(2019 VJ2)","2023-Oct-27 20:06 ±    04:51","0.07582","0.05836","11.90","11.90","26.1","16 m -   36 m","0"
"(2023 VO)","2023-Oct-27 20:47 ± < 00:01","0.06455","0.06380","26.20","26.20","23.6","51 m -  110 m","0"
"(2020 GE1)","2023-Oct-28 01:58 ±    02:32","0.09294","0.09263","4.24","4.24","27.1","10 m -   23 m","0"
"(2023 VR2)","2023-Oct-28 10:08 ±    00:02","0.01946","0.01942","8.21","8.19","25.4","23 m -   51 m","0"
"(2023 UQ7)","2023-Oct-28 14:44 ±    00:16","0.05419","0.05379","8.29","8.29","25.2","24 m -   55 m","0"
"(2023 TS7)","2023-Oct-28 15:35 ±    00:03","0.05747","0.05703","16.56","16.56","24.2","39 m -   88 m","0"
"(2023 WP)","2023-Oct-28 21:38 ± < 00:01","0.06094","0.06089","14.17","14.16","23.1","65 m -  140 m","0"
"(2017 UH5)","2023-Oct-29 00:53 ± < 00:01","0.06654","0.06654","6.97","6.96","26.6","13 m -   28 m","0"
"(2023 VD8)","2023-Oct-29 01:12 ±    00:10","0.05472","0.05382","17.69","17.68","23.4","56 m -  120 m","0"
"(2017 JQ1)","2023-Oct-29 01:48 ± 1_23:45","0.07948","0.05457","8.80","8.80","29.3","3.7 m -  8.2 m","0"
"(2020 VX)","2023-Oct-29 01:51 ± < 00:01","0.02605","0.02605","18.78","18.77","24.9","28 m -   62 m","0"
"(2023 VW2)","2023-Oct-29 03:28 ± < 00:01","0.05756","0.05606","10.43","10.43","24.3","36 m -   81 m","0"
"(2020 HN3)","2023-Oct-29 04:58 ±    02:51","0.08949","0.08636","6.74","6.73","29.4","3.5 m -  7.8 m","0"
"(2023 VW3)","2023-Oct-29 07:24 ±    00:05","0.08439","0.08385","5.87","5.87","25.3","23 m -   52 m","0"
"(2023 VN)","2023-Oct-29 08:14 ± < 00:01","0.05442","0.05438","9.41","9.40","25.0","26 m -   58 m","0"
"(2023 VZ1)","2023-Oct-29 11:38 ±    00:02","0.00691","0.00689","2.51","2.35","27.9","7.2 m -   16 m","0"
"(2023 UA2)","2023-Oct-29 12:04 ± < 00:01","0.03301","0.03278","9.22","9.21","27.0","11 m -   24 m","0"
"(2016 TL10)","2023-Oct-29 12:45 ± 5_12:37","0.09781","0.09153","4.72","4.72","27.3","9.2 m -   21 m","0"
"(2023 VE8)","2023-Oct-29 20:37 ±    00:06","0.03155","0.03133","8.32","8.31","25.1","25 m -   55 m","0"
"(2023 UH7)","2023-Oct-29 22:01 ±    00:01","0.05672","0.05573","15.31","15.31","25.2","24 m -   55 m","0"
"(2023 UV4)","2023-Oct-29 22:50 ± < 00:01","0.06176","0.06166","7.42","7.41","26.3","15 m -   33 m","0"
"(2023 VC3)","2023-Oct-30 04:38 ±    00:04","0.01611","0.01588","16.84","16.83","25.9","17 m -   38 m","0"
"(2023 VV)","2023-Oct-30 17:24 ± < 00:01","0.02938","0.02937","9.25","9.24","23.5","53 m -  120 m","0"
"(2023 VH1)","2023-Oct-30 17:35 ± < 00:01","0.05506","0.05469","16.67","16.67","23.2","60 m -  130 m","0"
"(2023 VE2)","2023-Oct-30 18:39 ±    00:01","0.01510","0.01502","6.74","6.71","27.9","7.1 m -   16 m","0"
"(2023 VQ)","2023-Oct-30 23:39 ± < 00:01","0.02765","0.02749","11.59","11.58","26.3","14 m -   32 m","0"
"(2023 VB3)","2023-Oct-31 03:47 ± < 00:01","0.03917","0.03894","13.67","13.67","25.3","24 m -   53 m","0"
"(2023 VO2)","2023-Oct-31 09:40 ±    00:01","0.02536","0.02513","15.65","15.64","26.6","13 m -   28 m","0"
"(2023 TW6)","2023-Oct-31 15:05 ± < 00:01","0.04908","0.04905","24.45","24.44","23.0","67 m -  150 m","0"
"(2021 UN7)","2023-Oct-31 15:55 ± < 00:01","0.09820","0.09820","15.30","15.30","23.4","57 m -  130 m","0"
"(2023 SU)","2023-Oct-31 16:12 ± < 00:01","0.05326","0.05325","3.23","3.22","24.2","38 m -   84 m","0"
"(2023 VS1)","2023-Oct-31 17:14 ± < 00:01","0.02991","0.02958","16.39","16.38","25.0","27 m -   60 m","0"
"(2021 JA4)","2023-Oct-31 19:01 ± < 00:01","0.07081","0.07081","15.41","15.41","22.3","93 m -  210 m","0"
"(2023 VF2)","2023-Oct-31 19:41 ±    00:02","0.01984","0.01965","9.63","9.62","27.1","9.9 m -   22 m","0"
"(2023 VX3)","2023-Oct-31 23:29 ±    00:01","0.02869","0.02838","3.99","3.97","27.9","6.9 m -   15 m","0"
"(2023 VZ)","2023-Nov-01 03:57 ± < 00:01","0.00676","0.00673","19.58","19.56","27.0","11 m -   24 m","0"
"(2023 VK)","2023-Nov-01 04:27 ± < 00:01","0.02832","0.02815","13.96","13.96","25.8","19 m -   42 m","0"
"(2013 UV3)","2023-Nov-01 11:12 ± 8_20:54","0.03759","0.00144","15.43","15.43","26.8","12 m -   26 m","0"
"(2004 VZ14)","2023-Nov-01 13:49 ± < 00:01","0.00892","0.00892","15.01","14.99","25.0","26 m -   58 m","0"
"(2023 VP5)","2023-Nov-01 14:08 ±    00:05","0.02004","0.01995","2.78","2.73","28.2","6.1 m -   14 m","0"
"(2021 UM2)","2023-Nov-01 16:30 ± 6_09:21","0.07314","0.05814","16.31","16.30","24.7","30 m -   67 m","0"
"(2023 VX1)","2023-Nov-01 20:35 ± < 00:01","0.02613","0.02600","19.45","19.44","25.5","22 m -   48 m","0"
"(2020 TW3)","2023-Nov-01 22:32 ± < 00:01","0.06273","0.06272","17.94","17.93","22.5","85 m -  190 m","0"
"(2023 UZ3)","2023-Nov-01 23:31 ± < 00:01","0.00690","0.00685","14.39","14.36","26.4","14 m -   31 m","0"
"(2021 VH)","2023-Nov-02 02:18 ±    00:04","0.06474","0.06471","3.76","3.75","29.6","3.1 m -  7.0 m","0"
"(2023 VC2)","2023-Nov-02 04:36 ± < 00:01","0.01405","0.01400","5.00","4.97","27.0","11 m -   24 m","0"
"(2023 VP6)","2023-Nov-02 06:51 ±    00:05","0.06859","0.06788","2.72","2.71","26.0","17 m -   38 m","0"
"(2023 VG6)","2023-Nov-02 06:53 ±    00:09","0.02911","0.02846","8.41","8.40","27.2","9.5 m -   21 m","0"
"390522 (1996 GD1)","2023-Nov-02 09:43 ± < 00:01","0.09791","0.09791","12.95","12.95","20.2","240 m -  540 m","0"
"(2016 WY)","2023-Nov-02 10:58 ± 1_01:57","0.02325","0.01919","3.94","3.91","29.2","3.8 m -  8.6 m","0"
"(2023 VN3)","2023-Nov-02 15:27 ± < 00:01","0.03036","0.03032","6.18","6.16","25.0","26 m -   58 m","0"
"(2023 UY3)","2023-Nov-02 16:26 ±    00:01","0.03598","0.03590","3.70","3.68","26.9","11 m -   25 m","0"
"(2022 JF)","2023-Nov-03 05:38 ±    11:03","0.03882","0.02367","17.15","17.15","24.8","30 m -   66 m","0"
"(2023 VL1)","2023-Nov-03 10:26 ± < 00:01","0.03092","0.03028","14.74","14.74","26.2","15 m -   34 m","0"
"(2023 TQ15)","2023-Nov-03 11:21 ± < 00:01","0.05206","0.05185","5.84","5.83","25.9","18 m -   40 m","0"
"(2023 VJ)","2023-Nov-03 17:27 ± < 00:01","0.02483","0.02478","16.49","16.49","25.5","21 m -   47 m","0"
"(2023 VA4)","2023-Nov-03 19:10 ±    00:04","0.08277","0.08073","8.56","8.56","25.3","23 m -   52 m","0"
"(2016 JV24)","2023-Nov-03 20:01 ± < 00:01","0.09122","0.09122","20.24","20.24","24.0","43 m -   96 m","0"
"(2023 VJ2)","2023-Nov-03 21:47 ±    00:05","0.06517","0.06381","8.60","8.60","25.6","20 m -   44 m","0"
"(2016 VW2)","2023-Nov-03 22:53 ± 7_08:46","0.02582","0.02448","8.10","8.09","26.3","15 m -   33 m","0"
"(2019 UH7)","2023-Nov-04 00:29 ± < 00:01","0.02546","0.02546","5.94","5.92","27.5","8.6 m -   19 m","0"
"(2023 TL31)","2023-Nov-04 09:58 ± < 00:01","0.02084","0.02082","9.19","9.18","25.4","22 m -   48 m","0"
"(2023 VM3)","2023-Nov-04 12:05 ± < 00:01","0.02345","0.02323","12.14","12.13","26.8","11 m -   25 m","0"
"(2023 VT2)","2023-Nov-04 13:48 ± < 00:01","0.02839","0.02829","14.84","14.84","26.1","16 m -   35 m","0"
"(2023 VO1)","2023-Nov-04 20:19 ± < 00:01","0.00052","0.00052","16.36","16.05","29.6","3.2 m -  7.1 m","0"
"(2023 VD10)","2023-Nov-05 03:01 ±    00:02","0.04238","0.04207","6.62","6.61","26.7","12 m -   27 m","0"
"(2023 VQ3)","2023-Nov-05 03:46 ± < 00:01","0.07453","0.07412","9.51","9.51","24.4","35 m -   77 m","0"
"(2023 UD10)","2023-Nov-05 09:07 ±    00:07","0.08999","0.08973","2.67","2.66","25.7","19 m -   43 m","0"
"(2023 VU)","2023-Nov-05 12:48 ± < 00:01","0.00668","0.00666","14.37","14.34","26.2","15 m -   34 m","0"
"(2023 VD7)","2023-Nov-05 14:30 ± < 00:01","0.03760","0.03741","15.67","15.66","24.4","35 m -   79 m","0"
"(2023 VN5)","2023-Nov-05 16:04 ± < 00:01","0.00376","0.00374","13.84","13.79","27.8","7.2 m -   16 m","0"
"(2023 VZ4)","2023-Nov-05 20:48 ± < 00:01","0.04341","0.04283","23.95","23.95","24.7","30 m -   68 m","0"
"(2023 VE3)","2023-Nov-05 23:03 ± < 00:01","0.00299","0.00298","10.46","10.38","26.9","11 m -   24 m","0"
"(2023 UG4)","2023-Nov-06 02:46 ± < 00:01","0.01672","0.01670","3.52","3.47","26.4","14 m -   30 m","0"
"(2023 VG1)","2023-Nov-06 05:16 ± < 00:01","0.02030","0.02016","10.28","10.26","27.2","9.7 m -   22 m","0"
"(2023 TB7)","2023-Nov-06 09:03 ± < 00:01","0.05937","0.05934","3.32","3.31","25.6","21 m -   46 m","0"
"(2023 VP8)","2023-Nov-06 10:05 ±    00:06","0.01646","0.01631","13.36","13.35","26.0","17 m -   38 m","0"
"(2023 TO15)","2023-Nov-06 10:05 ± < 00:01","0.03881","0.03878","11.19","11.19","24.3","37 m -   82 m","0"
"(2023 VF4)","2023-Nov-06 10:43 ± < 00:01","0.01996","0.01995","12.80","12.79","25.8","18 m -   41 m","0"
"(2023 VJ5)","2023-Nov-06 14:24 ± < 00:01","0.02759","0.02748","8.12","8.10","25.0","26 m -   58 m","0"
"(2023 VS4)","2023-Nov-06 14:45 ±    00:03","0.00548","0.00545","10.64","10.59","28.6","5.1 m -   11 m","0"
"(2023 VY4)","2023-Nov-06 15:59 ±    00:09","0.00707","0.00702","16.74","16.72","27.3","9.1 m -   20 m","0"
"(2023 VE)","2023-Nov-07 01:18 ± < 00:01","0.00790","0.00788","12.11","12.08","27.5","8.3 m -   19 m","0"
"(2023 VS)","2023-Nov-07 01:18 ± < 00:01","0.00246","0.00246","3.54","3.22","29.8","2.9 m -  6.4 m","0"
"(2023 VH2)","2023-Nov-07 02:11 ± < 00:01","0.04425","0.04408","14.31","14.31","25.5","22 m -   48 m","0"
"(2023 UT)","2023-Nov-07 05:26 ± < 00:01","0.08306","0.08301","8.70","8.70","21.8","120 m -  260 m","0"
"(2023 VM8)","2023-Nov-07 08:38 ± < 00:01","0.05551","0.05538","14.20","14.20","24.1","40 m -   90 m","0"
"(2023 VP3)","2023-Nov-07 08:57 ± < 00:01","0.00088","0.00088","6.64","6.17","29.5","3.4 m -  7.5 m","0"
"(2023 VK6)","2023-Nov-07 12:00 ± < 00:01","0.01467","0.01463","10.24","10.22","26.9","11 m -   25 m","0"
"(2023 VD2)","2023-Nov-07 12:53 ± < 00:01","0.00038","0.00038","8.11","7.18","30.1","2.6 m -  5.7 m","0"
"(2023 VZ3)","2023-Nov-07 19:45 ±    00:01","0.02842","0.02813","13.95","13.94","26.5","13 m -   29 m","0"
"(2023 VF6)","2023-Nov-07 22:26 ± < 00:01","0.01573","0.01569","5.60","5.56","27.2","9.8 m -   22 m","0"
"(2023 VR)","2023-Nov-07 22:51 ± < 00:01","0.00623","0.00623","11.82","11.78","27.7","7.5 m -   17 m","0"
"(2023 VC4)","2023-Nov-08 06:55 ± < 00:01","0.00257","0.00257","9.51","9.40","27.0","11 m -   24 m","0"
"(2023 VJ4)","2023-Nov-08 07:00 ±    00:10","0.07026","0.06870","7.26","7.25","26.2","15 m -   35 m","0"
"(2023 VH9)","2023-Nov-08 07:23 ±    00:02","0.01761","0.01735","25.43","25.42","26.4","14 m -   31 m","0"
"(2023 TD14)","2023-Nov-08 08:20 ± < 00:01","0.02383","0.02378","6.28","6.26","25.8","18 m -   41 m","0"
"(2023 VO6)","2023-Nov-08 09:09 ± < 00:01","0.01526","0.01523","5.31","5.27","28.1","6.3 m -   14 m","0"
"(2023 VA7)","2023-Nov-08 09:25 ± < 00:01","0.00739","0.00738","6.83","6.78","27.2","9.8 m -   22 m","0"
"(2023 WB1)","2023-Nov-08 15:55 ± < 00:01","0.09642","0.09610","18.55","18.54","22.5","83 m -  190 m","0"
"(2023 VD3)","2023-Nov-08 17:43 ± < 00:01","0.00328","0.00328","17.93","17.88","27.1","10 m -   23 m","0"
"(2023 WD1)","2023-Nov-08 18:30 ±    00:42","0.04401","0.04296","16.11","16.10","25.1","26 m -   58 m","0"
"(2023 VZ2)","2023-Nov-08 20:29 ± < 00:01","0.01442","0.01439","11.15","11.13","26.9","11 m -   25 m","0"
"(2023 VW)","2023-Nov-08 21:22 ± < 00:01","0.00437","0.00436","7.98","7.90","28.0","6.7 m -   15 m","0"
"(2023 VC)","2023-Nov-09 00:01 ± < 00:01","0.01605","0.01603","9.65","9.63","25.5","21 m -   47 m","0"
"(2023 VD)","2023-Nov-09 00:08 ± < 00:01","0.09173","0.09135","11.50","11.50","23.9","44 m -   98 m","0"
"(2023 VE6)","2023-Nov-09 05:18 ± < 00:01","0.00497","0.00496","9.12","9.06","27.2","9.8 m -   22 m","0"
"(2018 VN7)","2023-Nov-09 06:19 ± < 00:01","0.00823","0.00823","13.17","13.15","25.3","23 m -   52 m","0"
"(2023 VN1)","2023-Nov-09 09:55 ±    00:09","0.03697","0.03664","7.56","7.55","27.1","10.0 m -   22 m","0"
"(2023 VK7)","2023-Nov-09 10:20 ± < 00:01","0.05621","0.05590","17.45","17.45","22.8","74 m -  160 m","0"
"(2023 WK)","2023-Nov-09 20:02 ± < 00:01","0.04655","0.04633","17.47","17.46","24.8","29 m -   66 m","0"
"(2023 VU2)","2023-Nov-10 01:34 ± < 00:01","0.00486","0.00486","6.08","5.99","28.4","5.6 m -   13 m","0"
"(2023 WG1)","2023-Nov-10 03:23 ±    00:04","0.01931","0.01921","7.58","7.56","26.7","12 m -   27 m","0"
"(2002 UQ12)","2023-Nov-10 08:19 ± < 00:01","0.08764","0.08764","18.87","18.87","22.4","88 m -  200 m","0"
"(2023 VT3)","2023-Nov-10 09:46 ± < 00:01","0.02835","0.02827","7.50","7.49","26.3","15 m -   33 m","0"
"(2023 VY3)","2023-Nov-11 00:36 ± < 00:01","0.00884","0.00877","16.09","16.08","27.6","8.0 m -   18 m","0"
"(2023 VD1)","2023-Nov-11 08:09 ± < 00:01","0.04390","0.04374","9.98","9.98","25.1","25 m -   56 m","0"
"(2021 VU12)","2023-Nov-11 14:28 ± < 00:01","0.07287","0.07287","9.53","9.53","24.3","38 m -   84 m","0"
"(2023 VQ5)","2023-Nov-11 14:30 ± < 00:01","0.00884","0.00883","6.78","6.74","27.7","7.6 m -   17 m","0"
"(2023 VL2)","2023-Nov-11 15:12 ± < 00:01","0.00683","0.00682","5.95","5.88","28.2","6.1 m -   14 m","0"
"(2023 VK3)","2023-Nov-11 16:46 ± < 00:01","0.01894","0.01888","3.70","3.66","28.2","6.1 m -   14 m","0"
"(2023 VU4)","2023-Nov-11 22:16 ± < 00:01","0.03163","0.03152","5.28","5.26","26.5","13 m -   30 m","0"
"(2023 UQ4)","2023-Nov-11 23:00 ± < 00:01","0.02732","0.02731","8.40","8.39","24.7","30 m -   67 m","0"
"(2023 VF3)","2023-Nov-12 00:04 ± < 00:01","0.02276","0.02263","9.04","9.02","26.4","14 m -   31 m","0"
"(2023 VK9)","2023-Nov-12 00:13 ± < 00:01","0.01834","0.01822","12.69","12.68","26.4","14 m -   31 m","0"
"(2023 UH2)","2023-Nov-12 03:47 ± < 00:01","0.06454","0.06446","7.61","7.61","24.9","27 m -   61 m","0"
"(2023 VV7)","2023-Nov-12 04:02 ± < 00:01","0.01511","0.01508","7.04","7.02","26.7","12 m -   28 m","0"
"(2023 VR3)","2023-Nov-12 13:56 ± < 00:01","0.01520","0.01518","7.73","7.70","26.5","13 m -   30 m","0"
"(2023 VK1)","2023-Nov-12 17:19 ± < 00:01","0.02574","0.02569","9.10","9.08","25.6","20 m -   44 m","0"
"(2023 WD)","2023-Nov-12 17:49 ± < 00:01","0.02105","0.02098","10.10","10.08","26.6","13 m -   29 m","0"
"679648 (2019 XS)","2023-Nov-12 19:05 ± < 00:01","0.09302","0.09302","13.38","13.38","23.8","45 m -  100 m","0"
"(2023 VN7)","2023-Nov-12 20:20 ± < 00:01","0.01459","0.01458","4.94","4.90","25.5","21 m -   47 m","0"
"(2023 TZ2)","2023-Nov-12 21:39 ± < 00:01","0.04865","0.04864","2.78","2.76","25.9","18 m -   39 m","0"
"(2021 VW11)","2023-Nov-12 22:42 ± 5_19:45","0.05976","0.03360","10.41","10.40","25.5","21 m -   47 m","0"
"(2023 VY1)","2023-Nov-13 10:43 ± < 00:01","0.02267","0.02265","6.31","6.29","25.0","26 m -   58 m","0"
"(2023 VG7)","2023-Nov-13 13:10 ± < 00:01","0.01255","0.01250","9.97","9.94","28.1","6.4 m -   14 m","0"
"(2014 BA3)","2023-Nov-13 15:24 ± 1_11:30","0.04015","0.03796","2.72","2.69","28.3","5.8 m -   13 m","0"
"(2023 VQ7)","2023-Nov-13 16:13 ± < 00:01","0.01484","0.01482","12.35","12.33","24.9","27 m -   61 m","0"
"(2023 VV1)","2023-Nov-13 17:38 ± < 00:01","0.00512","0.00512","3.66","3.52","28.9","4.3 m -  9.7 m","0"
"(2023 VP4)","2023-Nov-13 17:54 ± < 00:01","0.00780","0.00778","5.71","5.65","28.5","5.3 m -   12 m","0"
"(2023 TW19)","2023-Nov-13 18:16 ±    00:02","0.07469","0.07460","3.12","3.10","25.4","22 m -   49 m","0"
"(2023 KX1)","2023-Nov-13 20:27 ±    00:28","0.08165","0.08156","5.11","5.11","28.9","4.5 m -   10 m","0"
"(2023 VX)","2023-Nov-13 23:39 ± < 00:01","0.04462","0.04417","11.12","11.12","24.2","39 m -   87 m","0"
"(2023 WE)","2023-Nov-14 01:49 ±    00:02","0.00768","0.00766","10.83","10.80","27.4","8.8 m -   20 m","0"
"(2023 VV2)","2023-Nov-14 03:41 ± < 00:01","0.05804","0.05800","7.73","7.72","23.5","53 m -  120 m","0"
"(2023 VY20)","2023-Nov-14 05:43 ±    00:01","0.01086","0.01081","3.65","3.58","28.4","5.4 m -   12 m","0"
"(2023 VR4)","2023-Nov-14 07:03 ± < 00:01","0.04593","0.04588","10.53","10.52","23.0","68 m -  150 m","0"
"(2023 WR2)","2023-Nov-14 10:25 ± < 00:01","0.05749","0.05737","23.26","23.25","22.5","83 m -  190 m","0"
"(2023 WT)","2023-Nov-14 11:10 ± < 00:01","0.03743","0.03719","13.36","13.35","24.4","34 m -   77 m","0"
"(2023 VH7)","2023-Nov-14 13:24 ±    00:01","0.05342","0.05306","7.28","7.28","25.7","19 m -   42 m","0"
"(2021 UX6)","2023-Nov-14 14:31 ± 4_18:47","0.08578","0.06075","11.30","11.30","24.3","37 m -   82 m","0"
"(2023 UO)","2023-Nov-15 00:21 ± < 00:01","0.01645","0.01645","6.80","6.78","25.0","26 m -   59 m","0"
"(2023 XN)","2023-Nov-15 03:03 ± < 00:01","0.04534","0.04534","13.88","13.87","23.6","51 m -  110 m","0"
"(2023 WO2)","2023-Nov-15 06:13 ± < 00:01","0.07333","0.07310","13.43","13.43","23.3","60 m -  130 m","0"
"(2023 VL6)","2023-Nov-15 09:38 ± < 00:01","0.02245","0.02240","5.06","5.04","26.6","12 m -   28 m","0"
"(2023 VE10)","2023-Nov-15 14:48 ± < 00:01","0.05000","0.04984","8.04","8.03","25.4","22 m -   49 m","0"
"(2023 UL4)","2023-Nov-15 21:33 ± < 00:01","0.07346","0.07337","14.56","14.55","23.6","51 m -  110 m","0"
"(2023 WC)","2023-Nov-15 21:48 ± < 00:01","0.03080","0.03069","9.10","9.09","25.1","26 m -   57 m","0"
"(2021 TN3)","2023-Nov-15 22:03 ± < 00:01","0.04363","0.04363","6.26","6.25","25.3","24 m -   53 m","0"
"(2023 XE3)","2023-Nov-16 00:15 ± < 00:01","0.01446","0.01445","2.54","2.47","27.5","8.3 m -   19 m","0"
"(2019 VL5)","2023-Nov-16 01:20 ± < 00:01","0.02186","0.02186","8.22","8.21","25.9","18 m -   40 m","0"
"(2023 VF)","2023-Nov-16 03:38 ± < 00:01","0.05573","0.05566","14.47","14.46","23.4","55 m -  120 m","0"
"(2023 VM5)","2023-Nov-16 08:28 ±    00:05","0.08736","0.08653","9.40","9.40","24.5","33 m -   73 m","0"
"(2023 VN10)","2023-Nov-16 10:16 ± < 00:01","0.09172","0.09164","8.96","8.95","22.4","90 m -  200 m","0"
"(2023 XP11)","2023-Nov-16 14:49 ±    00:23","0.05748","0.05634","6.38","6.38","24.1","40 m -   89 m","0"
"(2010 XJ3)","2023-Nov-16 21:01 ± < 00:01","0.07801","0.07801","13.01","13.01","21.3","140 m -  320 m","0"
"(2023 VP7)","2023-Nov-16 22:04 ± < 00:01","0.06089","0.06069","10.18","10.18","23.4","56 m -  130 m","0"
"(2023 VA10)","2023-Nov-17 02:18 ±    00:09","0.08964","0.08698","12.70","12.69","26.1","16 m -   35 m","0"
"(2023 WU)","2023-Nov-17 05:33 ± < 00:01","0.00498","0.00498","9.17","9.12","27.2","9.8 m -   22 m","0"
"(2023 VG5)","2023-Nov-17 06:11 ± < 00:01","0.01470","0.01462","23.29","23.28","25.7","19 m -   43 m","0"
"(2023 UC11)","2023-Nov-17 06:15 ± < 00:01","0.07122","0.07119","16.89","16.89","21.7","120 m -  270 m","0"
"(2023 VX4)","2023-Nov-17 06:24 ± < 00:01","0.01801","0.01794","3.94","3.91","27.6","8.2 m -   18 m","0"
"(2023 VX7)","2023-Nov-17 06:32 ± < 00:01","0.00640","0.00639","10.82","10.78","27.0","10 m -   23 m","0"
"(2023 WP2)","2023-Nov-17 11:06 ±    00:01","0.05460","0.05248","16.80","16.79","25.4","23 m -   50 m","0"
"(2023 WO1)","2023-Nov-17 13:49 ±    00:04","0.09646","0.09576","15.82","15.82","23.9","45 m -  100 m","0"
"(2023 VK4)","2023-Nov-17 14:32 ± < 00:01","0.03144","0.03124","11.86","11.85","25.8","18 m -   41 m","0"
"(2023 VR9)","2023-Nov-17 15:33 ± < 00:01","0.00835","0.00834","7.74","7.70","27.6","7.9 m -   18 m","0"
"(2023 VW7)","2023-Nov-17 23:19 ± < 00:01","0.01876","0.01872","10.07","10.05","26.4","14 m -   31 m","0"
"(2023 VF5)","2023-Nov-17 23:43 ±    00:01","0.09448","0.09411","8.24","8.24","24.3","36 m -   81 m","0"
"(2023 XV)","2023-Nov-18 00:32 ± < 00:01","0.09618","0.09601","7.17","7.17","24.3","37 m -   83 m","0"
"(2023 XC10)","2023-Nov-18 02:36 ±    00:21","0.04301","0.04240","10.51","10.50","24.6","31 m -   70 m","0"
"(2023 VD9)","2023-Nov-18 07:12 ± < 00:01","0.06376","0.06262","22.29","22.29","24.1","40 m -   90 m","0"
"(2023 VJ9)","2023-Nov-18 11:38 ±    10:44","0.07193","0.07039","4.94","4.93","27.6","7.8 m -   18 m","0"
"(2023 WB)","2023-Nov-18 11:49 ± < 00:01","0.00446","0.00446","12.60","12.56","26.5","13 m -   29 m","0"
"(2019 LB1)","2023-Nov-18 18:40 ±    06:19","0.04033","0.04019","4.16","4.15","27.0","11 m -   24 m","0"
"(2016 DK1)","2023-Nov-19 06:11 ± 9_17:29","0.01352","0.01301","6.75","6.72","27.5","8.4 m -   19 m","0"
"(2023 WY1)","2023-Nov-19 08:52 ± < 00:01","0.00453","0.00452","8.24","8.17","27.7","7.5 m -   17 m","0"
"(2021 WB2)","2023-Nov-19 09:44 ± < 00:01","0.02819","0.02819","16.25","16.25","24.6","32 m -   72 m","0"
"(2023 VY7)","2023-Nov-19 13:19 ± < 00:01","0.05039","0.05010","13.74","13.74","23.3","58 m -  130 m","0"
"(2023 VT10)","2023-Nov-19 14:09 ± < 00:01","0.06856","0.06814","26.57","26.57","22.2","96 m -  210 m","0"
"(2021 VZ6)","2023-Nov-19 14:49 ± < 00:01","0.05439","0.05439","8.54","8.53","25.2","25 m -   55 m","0"
"(2023 VT7)","2023-Nov-19 16:57 ± < 00:01","0.03837","0.03824","10.60","10.59","24.1","41 m -   92 m","0"
"(2023 XK11)","2023-Nov-19 17:03 ±    00:09","0.09858","0.09674","13.26","13.26","23.3","57 m -  130 m","0"
"(2022 VR1)","2023-Nov-19 18:09 ± < 00:01","0.02077","0.02077","6.08","6.06","24.8","29 m -   65 m","0"
"(2023 XZ1)","2023-Nov-19 19:49 ±    00:02","0.09538","0.09516","16.20","16.19","24.0","43 m -   96 m","0"
"(2020 VO2)","2023-Nov-19 20:21 ± 6_15:27","0.09598","0.02338","8.28","8.28","26.6","12 m -   28 m","0"
"(2023 VB10)","2023-Nov-19 21:35 ±    00:01","0.03629","0.03593","11.37","11.37","26.3","15 m -   33 m","0"
"(2023 WC2)","2023-Nov-19 23:37 ± < 00:01","0.02203","0.02193","6.74","6.73","25.1","25 m -   56 m","0"
"(2023 WF2)","2023-Nov-20 04:41 ±    00:04","0.00664","0.00661","8.03","7.98","27.5","8.4 m -   19 m","0"
"(2023 VE7)","2023-Nov-20 05:19 ± < 00:01","0.03600","0.03573","19.67","19.67","24.7","30 m -   68 m","0"
"(2023 VT1)","2023-Nov-20 13:55 ± < 00:01","0.06075","0.06045","7.33","7.33","24.9","27 m -   61 m","0"
"(2023 VE4)","2023-Nov-20 17:44 ± < 00:01","0.03399","0.03370","11.62","11.61","24.9","28 m -   63 m","0"
"(2023 WZ1)","2023-Nov-20 20:24 ± < 00:01","0.00105","0.00105","16.52","16.37","28.9","4.3 m -  9.7 m","0"
"(2023 WQ2)","2023-Nov-20 23:18 ±    00:04","0.04565","0.04543","13.00","12.99","24.6","32 m -   71 m","0"
"(2023 TK90)","2023-Nov-21 00:00 ± < 00:01","0.05888","0.05886","7.82","7.81","24.2","38 m -   86 m","0"
"(2023 VW5)","2023-Nov-21 02:15 ± < 00:01","0.01137","0.01135","11.18","11.16","25.4","22 m -   48 m","0"
"(2023 WG2)","2023-Nov-21 03:58 ± < 00:01","0.00516","0.00513","22.96","22.94","26.8","12 m -   26 m","0"
"(2023 UW2)","2023-Nov-21 06:03 ± < 00:01","0.09330","0.09323","11.18","11.18","23.4","56 m -  120 m","0"
"(2023 WW2)","2023-Nov-21 08:30 ± < 00:01","0.04375","0.04336","13.60","13.59","24.8","29 m -   65 m","0"
"(2023 XW)","2023-Nov-21 12:07 ±    00:03","0.05710","0.05673","6.33","6.32","26.4","14 m -   31 m","0"
"(2020 XJ5)","2023-Nov-21 14:57 ± < 00:01","0.07517","0.07516","12.33","12.33","25.1","26 m -   58 m","0"
"(2023 XJ11)","2023-Nov-21 17:59 ±    01:20","0.06048","0.05945","12.68","12.67","23.2","60 m -  130 m","0"
"(2023 UH10)","2023-Nov-21 19:51 ± < 00:01","0.09221","0.09214","17.83","17.83","23.0","67 m -  150 m","0"
"(2022 TU)","2023-Nov-21 22:47 ± < 00:01","0.09909","0.09909","7.63","7.62","23.7","48 m -  110 m","0"
"(2023 WV)","2023-Nov-22 15:12 ± < 00:01","0.00587","0.00586","14.05","14.02","26.8","11 m -   26 m","0"
"(2023 WJ1)","2023-Nov-22 16:45 ± < 00:01","0.03006","0.02996","4.93","4.91","26.3","15 m -   33 m","0"
"(2023 XX1)","2023-Nov-23 07:20 ±    00:05","0.09002","0.08882","11.27","11.27","24.9","28 m -   64 m","0"
"(2023 VC7)","2023-Nov-23 07:47 ± < 00:01","0.02722","0.02713","8.13","8.12","25.9","18 m -   40 m","0"
"(2023 VH6)","2023-Nov-23 11:49 ± < 00:01","0.01752","0.01752","7.33","7.31","25.6","20 m -   45 m","0"
"(2023 JV3)","2023-Nov-23 18:16 ± < 00:01","0.09766","0.09766","18.28","18.28","20.6","200 m -  460 m","0"
"(2023 XN14)","2023-Nov-24 07:50 ±    00:04","0.04504","0.04495","9.74","9.73","23.6","50 m -  110 m","0"
"(2023 WF3)","2023-Nov-24 10:31 ± < 00:01","0.09304","0.09212","11.18","11.17","24.8","29 m -   66 m","0"
"(2023 XY4)","2023-Nov-24 14:36 ±    00:11","0.07641","0.07538","21.02","21.02","22.1","100 m -  230 m","0"
"(2023 TE32)","2023-Nov-24 18:40 ±    00:02","0.06627","0.06606","5.17","5.16","24.6","32 m -   71 m","0"
"(2023 XV10)","2023-Nov-24 23:38 ±    00:17","0.03377","0.03318","6.78","6.77","25.4","22 m -   49 m","0"
"(2023 VH5)","2023-Nov-25 19:56 ±    00:02","0.04590","0.04515","9.04","9.03","25.2","25 m -   55 m","0"
"(2023 XP5)","2023-Nov-25 21:53 ±    00:03","0.04445","0.04404","10.52","10.52","25.7","20 m -   44 m","0"
"(2023 WT2)","2023-Nov-26 04:47 ± < 00:01","0.00551","0.00550","13.55","13.52","27.8","7.4 m -   17 m","0"
"(2023 XD2)","2023-Nov-26 12:19 ± < 00:01","0.03808","0.03793","10.87","10.86","25.3","24 m -   53 m","0"
"(2023 VM1)","2023-Nov-26 15:04 ±    00:01","0.02784","0.02760","8.85","8.84","24.6","32 m -   71 m","0"
"(2023 XT20)","2023-Nov-26 18:37 ± < 00:01","0.03150","0.03133","16.57","16.56","25.6","20 m -   45 m","0"
"(2023 WZ)","2023-Nov-27 04:50 ± < 00:01","0.07531","0.07527","6.52","6.52","25.1","25 m -   56 m","0"
"(2023 VB9)","2023-Nov-27 11:49 ± < 00:01","0.08213","0.08175","15.13","15.13","23.3","57 m -  130 m","0"
"(2023 XS1)","2023-Nov-27 11:50 ±    00:02","0.05115","0.05059","6.30","6.29","26.0","17 m -   38 m","0"
"(2023 XQ)","2023-Nov-27 18:13 ± < 00:01","0.01874","0.01868","10.80","10.79","25.3","23 m -   52 m","0"
"(2013 UB3)","2023-Nov-27 23:22 ± < 00:01","0.04740","0.04739","5.41","5.40","25.8","18 m -   41 m","0"
"(2023 XK3)","2023-Nov-28 00:48 ±    00:05","0.00757","0.00752","18.03","18.01","27.0","10 m -   23 m","0"
"(2023 XM2)","2023-Nov-28 06:48 ± < 00:01","0.00821","0.00818","6.46","6.41","26.7","12 m -   28 m","0"
"(2023 WE1)","2023-Nov-28 09:11 ±    00:10","0.01991","0.01982","13.04","13.03","26.7","12 m -   27 m","0"
"(2023 XN1)","2023-Nov-28 09:30 ±    00:02","0.02936","0.02893","12.28","12.27","26.4","14 m -   31 m","0"
"(2023 XW1)","2023-Nov-28 11:44 ±    00:01","0.01409","0.01406","5.42","5.39","27.5","8.4 m -   19 m","0"
"(2024 BX)","2023-Nov-28 14:07 ±    00:36","0.08112","0.08059","3.28","3.27","25.1","25 m -   57 m","0"
"(2022 AY5)","2023-Nov-28 15:53 ± 5_00:02","0.08569","0.08511","7.32","7.31","29.2","3.8 m -  8.6 m","0"
"(2023 XG3)","2023-Nov-28 19:52 ±    00:05","0.01483","0.01478","18.47","18.46","25.4","22 m -   49 m","0"
"(2023 VR5)","2023-Nov-28 21:21 ±    00:01","0.01362","0.01357","3.03","2.96","27.7","7.7 m -   17 m","0"
"(2023 WA3)","2023-Nov-28 22:40 ± < 00:01","0.05498","0.05465","11.05","11.05","24.1","40 m -   90 m","0"
"(2023 XQ2)","2023-Nov-29 01:36 ± < 00:01","0.02511","0.02481","8.70","8.69","25.8","19 m -   42 m","0"
"(2023 XG)","2023-Nov-29 04:33 ± < 00:01","0.02663","0.02658","5.19","5.17","26.1","16 m -   36 m","0"
"(2023 XF3)","2023-Nov-29 08:57 ± < 00:01","0.03706","0.03693","9.27","9.26","26.4","14 m -   32 m","0"
"(2023 XA3)","2023-Nov-29 09:29 ±    00:02","0.01538","0.01533","7.24","7.21","27.3","9.1 m -   20 m","0"
"(2023 VY8)","2023-Nov-29 18:55 ± < 00:01","0.04364","0.04299","19.95","19.95","25.1","25 m -   57 m","0"
"(2023 XR4)","2023-Nov-29 22:51 ± < 00:01","0.02307","0.02291","8.56","8.55","27.0","11 m -   24 m","0"
"(2023 XA1)","2023-Nov-30 03:39 ± < 00:01","0.02739","0.02724","11.02","11.01","24.1","40 m -   90 m","0"
"(2023 XF6)","2023-Nov-30 04:19 ± < 00:01","0.04963","0.04905","10.84","10.83","25.5","21 m -   47 m","0"
"(2023 XF)","2023-Nov-30 04:41 ± < 00:01","0.08196","0.08187","8.68","8.68","23.3","58 m -  130 m","0"
"(2023 XC4)","2023-Nov-30 07:26 ±    00:01","0.02507","0.02494","14.94","14.93","25.2","24 m -   54 m","0"
"(2023 WC1)","2023-Nov-30 08:51 ± < 00:01","0.01444","0.01439","7.77","7.75","26.5","13 m -   30 m","0"
"(2019 KG2)","2023-Nov-30 11:13 ±    00:20","0.08966","0.08948","11.46","11.45","25.9","18 m -   39 m","0"
"(2020 XN2)","2023-Nov-30 13:16 ± < 00:01","0.04013","0.04013","13.79","13.78","23.4","56 m -  130 m","0"
"(2023 XO13)","2023-Nov-30 15:48 ±    00:57","0.06483","0.06282","6.35","6.34","26.6","13 m -   29 m","0"
"(2023 XX10)","2023-Nov-30 21:34 ± < 00:01","0.09217","0.09213","20.63","20.62","21.1","160 m -  360 m","0"
"(2023 XJ7)","2023-Nov-30 23:17 ±    00:01","0.02301","0.02289","7.29","7.27","27.4","9.0 m -   20 m","0"
"(2023 XS12)","2023-Dec-01 01:01 ±    00:42","0.00676","0.00649","8.44","8.39","25.9","18 m -   39 m","0"
"(2023 WD3)","2023-Dec-01 05:31 ± < 00:01","0.02053","0.02028","14.09","14.08","25.1","25 m -   56 m","0"
"(2023 VM7)","2023-Dec-01 09:10 ±    00:02","0.01642","0.01634","3.20","3.15","27.6","8.1 m -   18 m","0"
"(2023 XE)","2023-Dec-01 11:40 ± < 00:01","0.03339","0.03323","7.34","7.33","26.4","14 m -   31 m","0"
"(2023 VL5)","2023-Dec-01 14:58 ±    00:01","0.09120","0.09072","10.99","10.99","24.0","43 m -   96 m","0"
"(2023 XE1)","2023-Dec-01 16:19 ± < 00:01","0.06679","0.06663","6.45","6.45","26.0","17 m -   38 m","0"
"(2023 XU2)","2023-Dec-01 19:24 ±    00:01","0.02937","0.02925","15.88","15.88","25.2","24 m -   53 m","0"
"(2008 WT62)","2023-Dec-02 11:47 ± < 00:01","0.09249","0.09249","13.46","13.46","23.1","63 m -  140 m","0"
"(2023 XM1)","2023-Dec-02 16:06 ± < 00:01","0.02060","0.02056","14.23","14.22","24.5","34 m -   76 m","0"
"(2023 XU)","2023-Dec-02 20:15 ±    00:03","0.00319","0.00318","11.66","11.59","29.6","3.2 m -  7.2 m","0"
"(2023 XD12)","2023-Dec-03 06:46 ± < 00:01","0.04863","0.04822","8.58","8.57","24.9","28 m -   62 m","0"
"(2023 XO3)","2023-Dec-03 09:26 ± < 00:01","0.00350","0.00349","5.76","5.62","27.5","8.3 m -   19 m","0"
"(2023 XO4)","2023-Dec-03 09:58 ±    00:26","0.08611","0.08494","9.92","9.92","25.4","22 m -   50 m","0"
"(2023 XL1)","2023-Dec-03 18:03 ± < 00:01","0.02687","0.02677","6.19","6.17","26.5","13 m -   30 m","0"
"(2023 XW9)","2023-Dec-03 20:45 ±    00:38","0.01819","0.01807","15.67","15.66","26.2","16 m -   35 m","0"
"(2023 XL2)","2023-Dec-03 23:54 ± < 00:01","0.00074","0.00074","7.82","7.35","30.2","2.5 m -  5.5 m","0"
"(2023 XA)","2023-Dec-04 05:00 ± < 00:01","0.01366","0.01364","6.74","6.71","26.2","15 m -   34 m","0"
"(2023 XX2)","2023-Dec-04 11:25 ±    00:17","0.00385","0.00382","19.42","19.38","27.1","10 m -   22 m","0"
"(2023 XG7)","2023-Dec-04 11:26 ± < 00:01","0.03354","0.03340","4.50","4.48","26.8","11 m -   26 m","0"
"(2023 XP)","2023-Dec-04 11:54 ±    00:08","0.03773","0.03738","8.14","8.13","26.1","16 m -   36 m","0"
"(2023 XB)","2023-Dec-04 13:30 ± < 00:01","0.00278","0.00277","14.42","14.36","28.8","4.5 m -   10 m","0"
"(2023 XR1)","2023-Dec-05 02:13 ± < 00:01","0.02491","0.02470","12.82","12.81","26.0","17 m -   37 m","0"
"(2012 XN55)","2023-Dec-05 06:16 ± < 00:01","0.06736","0.06736","16.61","16.61","23.9","45 m -  100 m","0"
"(2023 XW10)","2023-Dec-05 09:54 ± < 00:01","0.01853","0.01837","24.24","24.23","25.5","21 m -   47 m","0"
"(2023 WW)","2023-Dec-05 12:23 ±    00:02","0.01989","0.01957","8.52","8.50","24.7","30 m -   68 m","0"
"(2023 XD1)","2023-Dec-05 18:23 ±    00:01","0.03336","0.03327","7.65","7.64","27.2","9.7 m -   22 m","0"
"(2023 XZ)","2023-Dec-05 18:28 ± < 00:01","0.00870","0.00867","8.68","8.65","28.4","5.4 m -   12 m","0"
"(2023 XK13)","2023-Dec-05 19:46 ± < 00:01","0.07712","0.07688","15.44","15.44","23.1","63 m -  140 m","0"
"(2023 XT10)","2023-Dec-05 22:36 ±    00:10","0.01048","0.01038","5.17","5.12","28.1","6.4 m -   14 m","0"
"(2023 XT13)","2023-Dec-05 23:53 ±    00:03","0.06645","0.06398","16.03","16.03","25.4","22 m -   50 m","0"
"(2023 XK2)","2023-Dec-06 01:05 ±    00:02","0.02404","0.02394","5.86","5.84","26.8","12 m -   26 m","0"
"(2023 TB27)","2023-Dec-06 02:29 ± < 00:01","0.04358","0.04358","4.25","4.24","24.6","31 m -   70 m","0"
"(2023 VN8)","2023-Dec-06 03:13 ±    00:18","0.07112","0.06796","9.42","9.42","24.9","27 m -   61 m","0"
"(2023 XK)","2023-Dec-06 04:38 ± < 00:01","0.04279","0.04265","8.91","8.90","25.2","24 m -   54 m","0"
"(2023 XL)","2023-Dec-06 10:09 ± < 00:01","0.04125","0.04093","8.01","8.00","25.6","20 m -   45 m","0"
"(2023 YJ)","2023-Dec-06 12:09 ±    00:04","0.01544","0.01532","2.64","2.58","27.9","7.1 m -   16 m","0"
"(2023 XC1)","2023-Dec-06 12:39 ± < 00:01","0.01527","0.01522","9.05","9.03","26.5","13 m -   30 m","0"
"(2023 XK1)","2023-Dec-06 13:10 ± < 00:01","0.01534","0.01531","7.46","7.43","26.6","13 m -   29 m","0"
"(2023 XF1)","2023-Dec-06 14:22 ± < 00:01","0.01309","0.01305","11.18","11.16","26.7","12 m -   27 m","0"
"(2023 XU10)","2023-Dec-06 18:55 ± < 00:01","0.01620","0.01610","6.39","6.37","27.7","7.8 m -   17 m","0"
"(2023 XD)","2023-Dec-07 01:01 ± < 00:01","0.00490","0.00489","9.94","9.88","26.9","11 m -   25 m","0"
"(2023 XT)","2023-Dec-07 04:16 ± < 00:01","0.00549","0.00548","8.44","8.38","28.7","4.8 m -   11 m","0"
"(2023 XS10)","2023-Dec-07 06:43 ±    00:02","0.00759","0.00757","12.73","12.70","25.8","19 m -   42 m","0"
"(2023 XG2)","2023-Dec-07 08:44 ± < 00:01","0.00395","0.00395","4.29","4.13","29.5","3.4 m -  7.6 m","0"
"(2023 VX2)","2023-Dec-07 11:48 ± < 00:01","0.06453","0.06451","4.23","4.22","25.4","22 m -   48 m","0"
"(2023 XQ12)","2023-Dec-07 16:15 ±    00:03","0.04414","0.04294","19.63","19.63","24.8","29 m -   64 m","0"
"(2023 XY)","2023-Dec-07 17:41 ±    00:03","0.03683","0.03671","8.28","8.27","26.3","15 m -   33 m","0"
"(2023 XS17)","2023-Dec-07 21:04 ±    00:02","0.01711","0.01706","5.79","5.77","25.0","27 m -   61 m","0"
"(2024 GE6)","2023-Dec-07 21:07 ±    00:28","0.09328","0.09315","3.97","3.96","24.6","31 m -   70 m","0"
"(2023 XH)","2023-Dec-07 22:28 ± < 00:01","0.01019","0.01017","6.21","6.17","26.7","12 m -   27 m","0"
"(2023 XQ1)","2023-Dec-07 23:22 ±    00:01","0.00662","0.00660","11.86","11.83","27.4","8.9 m -   20 m","0"
"(2023 XE2)","2023-Dec-08 06:37 ±    00:01","0.03392","0.03383","5.87","5.86","26.5","13 m -   30 m","0"
"(2023 VF12)","2023-Dec-08 07:39 ± < 00:01","0.03315","0.03312","4.13","4.11","26.1","16 m -   37 m","0"
"(2023 XX9)","2023-Dec-08 15:49 ±    02:18","0.05497","0.05407","9.27","9.26","26.4","14 m -   31 m","0"
"(2023 XU5)","2023-Dec-08 17:36 ± < 00:01","0.00248","0.00248","8.61","8.48","27.2","9.7 m -   22 m","0"
"(2023 XD3)","2023-Dec-08 18:45 ± < 00:01","0.00531","0.00531","5.25","5.15","27.0","10 m -   23 m","0"
"(2023 WG)","2023-Dec-08 19:04 ± < 00:01","0.04493","0.04482","6.58","6.57","25.1","25 m -   56 m","0"
"(2023 XR)","2023-Dec-08 21:41 ± < 00:01","0.03592","0.03494","15.64","15.63","25.8","19 m -   42 m","0"
"(2023 XT3)","2023-Dec-08 22:04 ± < 00:01","0.00542","0.00541","14.89","14.86","27.8","7.4 m -   17 m","0"
"(2023 XU3)","2023-Dec-08 22:56 ± < 00:01","0.06861","0.06819","25.30","25.30","23.9","44 m -   99 m","0"
"(2023 XC)","2023-Dec-08 23:23 ± < 00:01","0.00539","0.00537","5.84","5.75","28.5","5.4 m -   12 m","0"
"(2023 XD13)","2023-Dec-09 00:34 ±    00:44","0.06167","0.06114","8.96","8.95","25.1","26 m -   57 m","0"
"(2023 XS3)","2023-Dec-09 03:49 ± < 00:01","0.03048","0.03038","6.24","6.23","26.1","16 m -   35 m","0"
"(2023 XB4)","2023-Dec-09 06:13 ± < 00:01","0.00198","0.00198","10.07","9.94","28.2","6.1 m -   14 m","0"
"(2023 XW2)","2023-Dec-09 14:08 ± < 00:01","0.01666","0.01661","9.56","9.55","27.3","9.3 m -   21 m","0"
"(2023 XY10)","2023-Dec-09 21:57 ± < 00:01","0.07376","0.07372","20.32","20.32","21.2","150 m -  340 m","0"
"(2023 XP2)","2023-Dec-10 05:05 ±    00:02","0.01497","0.01488","10.25","10.24","26.4","14 m -   31 m","0"
"(2023 VN6)","2023-Dec-10 05:10 ±    00:05","0.08700","0.08647","9.83","9.83","23.5","52 m -  120 m","0"
"(2023 VG3)","2023-Dec-10 05:40 ± < 00:01","0.05471","0.05469","12.18","12.17","22.6","79 m -  180 m","0"
"(2023 WH)","2023-Dec-10 06:36 ± < 00:01","0.03040","0.03021","8.94","8.93","24.8","29 m -   65 m","0"
"(2020 HX3)","2023-Dec-10 09:29 ±    09:47","0.02516","0.01551","15.73","15.72","27.2","9.7 m -   22 m","0"
"(2020 XC3)","2023-Dec-10 09:34 ± < 00:01","0.05123","0.05123","14.63","14.63","22.6","82 m -  180 m","0"
"(2023 XL13)","2023-Dec-10 13:51 ±    00:04","0.04811","0.04774","10.84","10.83","25.7","19 m -   42 m","0"
"(2023 XM15)","2023-Dec-10 16:30 ± < 00:01","0.03520","0.03493","6.58","6.57","24.2","38 m -   86 m","0"
"(2023 UA9)","2023-Dec-10 20:00 ± < 00:01","0.05368","0.05368","2.65","2.63","25.0","26 m -   59 m","0"
"(2023 XH3)","2023-Dec-10 20:29 ± < 00:01","0.01172","0.01169","15.10","15.08","27.0","10 m -   23 m","0"
"(2023 XT4)","2023-Dec-10 22:08 ± < 00:01","0.01138","0.01137","8.93","8.91","26.8","11 m -   26 m","0"
"(2023 XR16)","2023-Dec-10 22:45 ± < 00:01","0.02713","0.02704","5.44","5.42","26.8","12 m -   27 m","0"
"(2023 XC13)","2023-Dec-11 00:19 ±    00:04","0.00853","0.00847","25.63","25.62","26.8","12 m -   26 m","0"
"(2023 XZ13)","2023-Dec-11 01:23 ±    00:03","0.00588","0.00585","8.69","8.64","28.4","5.5 m -   12 m","0"
"(2023 XP1)","2023-Dec-11 04:12 ±    00:02","0.03883","0.03764","9.58","9.57","24.8","30 m -   66 m","0"
"(2023 XH2)","2023-Dec-11 14:29 ± < 00:01","0.01276","0.01273","10.05","10.03","26.3","14 m -   32 m","0"
"(2010 XF3)","2023-Dec-11 17:11 ± < 00:01","0.04966","0.04966","3.97","3.96","24.4","34 m -   77 m","0"
"(2023 XN3)","2023-Dec-12 00:50 ± < 00:01","0.03519","0.03488","8.37","8.36","26.8","12 m -   26 m","0"
"(2023 WO3)","2023-Dec-12 06:55 ± < 00:01","0.02380","0.02371","9.29","9.28","24.7","31 m -   68 m","0"
"(2023 YC)","2023-Dec-12 08:30 ± < 00:01","0.03113","0.03083","14.32","14.31","23.9","44 m -   99 m","0"
"(2006 YM)","2023-Dec-12 09:44 ± < 00:01","0.07602","0.07602","7.23","7.23","24.5","34 m -   76 m","0"
"(2023 XO14)","2023-Dec-12 10:30 ± < 00:01","0.00663","0.00662","3.58","3.46","29.2","3.9 m -  8.8 m","0"
"(2023 XZ2)","2023-Dec-12 10:46 ± < 00:01","0.00858","0.00857","6.70","6.65","27.7","7.8 m -   17 m","0"
"(2023 TK124)","2023-Dec-12 16:14 ± < 00:01","0.07176","0.07175","5.98","5.97","23.8","46 m -  100 m","0"
"(2023 XA12)","2023-Dec-12 17:06 ± < 00:01","0.08664","0.08608","18.39","18.39","23.1","64 m -  140 m","0"
"(2023 YH)","2023-Dec-12 19:10 ± < 00:01","0.05916","0.05862","19.69","19.68","23.8","46 m -  100 m","0"
"(2023 XO1)","2023-Dec-12 21:10 ± < 00:01","0.01107","0.01104","7.21","7.18","27.1","10 m -   23 m","0"
"(2006 XR4)","2023-Dec-13 00:02 ± 4_09:02","0.08783","0.00583","12.11","12.10","26.2","16 m -   35 m","0"
"(2023 XR14)","2023-Dec-13 00:49 ± < 00:01","0.00305","0.00304","10.32","10.23","28.3","5.7 m -   13 m","0"
"(2023 XH7)","2023-Dec-13 03:13 ±    00:02","0.00628","0.00627","19.80","19.78","27.6","8.0 m -   18 m","0"
"(2019 XQ1)","2023-Dec-13 03:44 ±    21:11","0.05531","0.03512","10.59","10.59","25.3","23 m -   51 m","0"
"(2023 XQ5)","2023-Dec-13 04:21 ± < 00:01","0.05745","0.05734","10.78","10.78","23.6","51 m -  110 m","0"
"(2023 YN)","2023-Dec-13 14:34 ± < 00:01","0.05393","0.05376","8.02","8.02","25.9","18 m -   40 m","0"
"(2023 XQ16)","2023-Dec-13 14:35 ± < 00:01","0.00084","0.00084","3.16","1.92","30.6","2.0 m -  4.6 m","0"
"(2023 WU2)","2023-Dec-13 17:08 ± < 00:01","0.08222","0.08220","13.02","13.02","22.5","85 m -  190 m","0"
"(2023 YG)","2023-Dec-13 17:27 ± < 00:01","0.02060","0.02051","9.33","9.32","27.0","11 m -   24 m","0"
"(2015 WZ12)","2023-Dec-14 03:29 ±    00:47","0.09021","0.08601","11.45","11.45","26.3","15 m -   33 m","0"
"(2021 XS4)","2023-Dec-14 09:43 ±    04:19","0.05640","0.04342","10.23","10.22","26.0","17 m -   38 m","0"
"(2023 XU4)","2023-Dec-14 17:27 ± < 00:01","0.01010","0.01009","6.19","6.15","27.4","8.9 m -   20 m","0"
"(2023 XB12)","2023-Dec-14 21:21 ± < 00:01","0.03350","0.03340","4.88","4.86","25.9","17 m -   39 m","0"
"(2023 XO10)","2023-Dec-14 22:58 ± < 00:01","0.02684","0.02639","16.45","16.45","26.5","13 m -   29 m","0"
"(2023 XB3)","2023-Dec-14 23:54 ±    00:13","0.03550","0.03532","9.95","9.94","26.9","11 m -   25 m","0"
"(2023 XN15)","2023-Dec-15 00:18 ± < 00:01","0.00482","0.00481","19.52","19.49","26.7","12 m -   27 m","0"
"(2016 XE18)","2023-Dec-15 03:12 ± 1_11:29","0.07741","0.07159","7.81","7.81","25.3","23 m -   52 m","0"
"(2023 XL4)","2023-Dec-15 08:07 ± < 00:01","0.02930","0.02914","6.55","6.54","26.1","16 m -   36 m","0"
"(2023 XK10)","2023-Dec-15 08:41 ± < 00:01","0.04521","0.04499","13.57","13.56","24.7","31 m -   69 m","0"
"(2023 XY2)","2023-Dec-15 14:02 ± < 00:01","0.02471","0.02463","13.38","13.37","25.1","26 m -   58 m","0"
"(2023 XU12)","2023-Dec-15 14:32 ± < 00:01","0.03246","0.03232","4.73","4.71","27.1","10 m -   22 m","0"
"(2023 XK4)","2023-Dec-15 18:24 ± < 00:01","0.00876","0.00875","4.25","4.18","27.0","11 m -   24 m","0"
"(2023 XG18)","2023-Dec-15 18:27 ± < 00:01","0.00534","0.00533","13.97","13.93","28.4","5.6 m -   12 m","0"
"(2023 XV2)","2023-Dec-15 23:18 ± < 00:01","0.04069","0.04056","6.51","6.50","26.0","17 m -   38 m","0"
"(2023 XS14)","2023-Dec-15 23:50 ± < 00:01","0.02046","0.02040","14.82","14.81","25.8","18 m -   41 m","0"
"(2023 XT12)","2023-Dec-16 02:53 ±    00:05","0.09652","0.09565","8.76","8.76","24.0","42 m -   95 m","0"
"(2023 XJ13)","2023-Dec-16 03:00 ±    00:02","0.02491","0.02462","9.23","9.22","27.0","11 m -   24 m","0"
"(2024 AY1)","2023-Dec-16 03:03 ±    00:13","0.06005","0.05975","11.90","11.90","23.4","55 m -  120 m","0"
"(2023 XP10)","2023-Dec-16 16:49 ±    00:07","0.08959","0.08738","16.23","16.23","24.6","32 m -   72 m","0"
"(2023 XM4)","2023-Dec-16 19:31 ± < 00:01","0.06013","0.05996","6.70","6.70","25.2","24 m -   53 m","0"
"(2023 XA2)","2023-Dec-16 23:17 ±    00:03","0.08018","0.07964","6.71","6.70","25.5","22 m -   48 m","0"
"(2024 AV)","2023-Dec-16 23:41 ±    00:03","0.02187","0.02181","3.33","3.29","26.5","13 m -   29 m","0"
"(2023 XH27)","2023-Dec-17 01:55 ± < 00:01","0.07677","0.07675","3.56","3.55","25.8","18 m -   41 m","0"
"(2023 XJ10)","2023-Dec-17 04:06 ± < 00:01","0.02137","0.02130","16.08","16.07","25.5","21 m -   47 m","0"
"(2023 XU1)","2023-Dec-17 05:11 ± < 00:01","0.05476","0.05455","7.88","7.87","25.4","22 m -   50 m","0"
"(2023 XL14)","2023-Dec-17 05:51 ± < 00:01","0.00382","0.00382","6.34","6.23","27.9","7.0 m -   16 m","0"
"(2023 WF1)","2023-Dec-17 07:59 ± < 00:01","0.07939","0.07935","7.43","7.42","24.4","35 m -   79 m","0"
"(2017 YL1)","2023-Dec-17 11:10 ± 5_19:25","0.05480","0.00748","13.38","13.38","24.8","29 m -   65 m","0"
"(2023 XH1)","2023-Dec-17 13:07 ± < 00:01","0.03898","0.03885","5.43","5.42","26.7","12 m -   28 m","0"
"(2023 YY)","2023-Dec-17 16:03 ± < 00:01","0.03760","0.03747","6.68","6.67","24.8","30 m -   67 m","0"
"(2017 WJ16)","2023-Dec-17 19:21 ± < 00:01","0.05856","0.05856","5.53","5.52","24.4","34 m -   77 m","0"
"(2023 XA14)","2023-Dec-17 21:04 ±    00:03","0.02737","0.02722","5.36","5.34","27.3","9.1 m -   20 m","0"
"(2024 BH2)","2023-Dec-18 03:19 ±    01:53","0.01987","0.01965","8.61","8.59","24.3","37 m -   82 m","0"
"(2023 XL11)","2023-Dec-18 12:11 ± < 00:01","0.01582","0.01578","11.68","11.66","26.7","12 m -   28 m","0"
"(2023 YA1)","2023-Dec-18 16:31 ± < 00:01","0.00991","0.00989","6.06","6.01","28.2","6.1 m -   14 m","0"
"(2023 YS)","2023-Dec-19 04:42 ± < 00:01","0.01359","0.01356","31.49","31.49","25.6","21 m -   46 m","0"
"(2023 XF2)","2023-Dec-19 15:11 ± < 00:01","0.02497","0.02489","7.98","7.97","26.1","16 m -   35 m","0"
"(2016 XD2)","2023-Dec-19 17:40 ± < 00:01","0.04804","0.04804","6.85","6.85","24.0","41 m -   92 m","0"
"(2023 YO)","2023-Dec-19 18:47 ± < 00:01","0.01186","0.01184","4.33","4.27","28.6","5.2 m -   12 m","0"
"(2023 XS)","2023-Dec-19 23:36 ± < 00:01","0.02935","0.02929","9.06","9.05","25.4","22 m -   50 m","0"
"(2023 NY)","2023-Dec-20 07:30 ±    01:02","0.08088","0.08062","2.61","2.60","27.1","9.9 m -   22 m","0"
"(2023 XO)","2023-Dec-20 18:05 ± < 00:01","0.09422","0.09420","5.55","5.55","24.5","33 m -   74 m","0"
"(2024 AB1)","2023-Dec-20 18:34 ±    00:05","0.06172","0.06157","14.46","14.46","22.7","76 m -  170 m","0"
"(2023 XH4)","2023-Dec-20 20:35 ± < 00:01","0.05632","0.05599","8.68","8.67","25.3","23 m -   51 m","0"
"(2017 XQ60)","2023-Dec-21 00:47 ± < 00:01","0.06581","0.06581","16.24","16.23","24.5","33 m -   75 m","0"
"(2024 AH)","2023-Dec-21 07:38 ±    00:05","0.02402","0.02389","12.12","12.11","23.7","48 m -  110 m","0"
"(2023 YB)","2023-Dec-21 08:27 ± < 00:01","0.02255","0.02250","11.16","11.15","25.6","21 m -   46 m","0"
"(2023 YF)","2023-Dec-21 19:02 ±    00:02","0.06485","0.06448","7.64","7.64","25.7","19 m -   43 m","0"
"(2024 AN)","2023-Dec-22 04:07 ±    00:02","0.01862","0.01853","8.47","8.45","26.5","13 m -   30 m","0"
"(2023 XF5)","2023-Dec-22 15:34 ± < 00:01","0.07835","0.07825","38.70","38.70","21.1","160 m -  350 m","0"
"(2024 AM1)","2023-Dec-22 22:26 ±    00:06","0.02773","0.02744","19.90","19.89","24.5","33 m -   75 m","0"
"(2022 YG)","2023-Dec-22 23:10 ± < 00:01","0.02861","0.02860","5.13","5.11","26.7","12 m -   27 m","0"
"(2023 YP)","2023-Dec-23 02:19 ±    00:03","0.00238","0.00238","7.74","7.59","28.0","6.7 m -   15 m","0"
"(2023 XN10)","2023-Dec-23 15:22 ± < 00:01","0.04703","0.04698","9.88","9.87","23.8","46 m -  100 m","0"
"(2023 XD18)","2023-Dec-23 18:55 ± < 00:01","0.00990","0.00988","11.01","10.99","26.6","12 m -   28 m","0"
"(2019 YG2)","2023-Dec-23 20:59 ± < 00:01","0.06582","0.06582","8.99","8.99","25.3","23 m -   52 m","0"
"(2023 XN11)","2023-Dec-24 00:34 ±    00:02","0.02373","0.02329","10.41","10.40","24.7","31 m -   69 m","0"
"(2023 XV5)","2023-Dec-24 03:25 ± < 00:01","0.07726","0.07704","6.21","6.21","24.5","33 m -   74 m","0"
"(1994 WR12)","2023-Dec-24 09:26 ± < 00:01","0.09476","0.09476","8.29","8.29","22.4","88 m -  200 m","0"
"(2010 UE51)","2023-Dec-24 13:44 ± < 00:01","0.02293","0.02293","1.31","1.22","28.5","5.4 m -   12 m","0"
"(2023 XP13)","2023-Dec-24 15:10 ± < 00:01","0.03038","0.03012","18.71","18.71","25.6","21 m -   46 m","0"
"(2016 CS247)","2023-Dec-24 15:48 ± 1_12:02","0.07522","0.06632","5.95","5.95","25.7","20 m -   44 m","0"
"(2023 YT)","2023-Dec-25 00:02 ± < 00:01","0.01567","0.01564","4.43","4.39","26.2","15 m -   34 m","0"
"(2023 XC14)","2023-Dec-25 00:39 ± < 00:01","0.09800","0.09800","11.11","11.11","23.7","49 m -  110 m","0"
"(2023 YE)","2023-Dec-25 03:43 ± < 00:01","0.06789","0.06713","9.38","9.37","24.4","34 m -   77 m","0"
"(2023 XK16)","2023-Dec-25 07:28 ±    00:07","0.02231","0.02202","7.41","7.40","24.9","28 m -   63 m","0"
"(2020 YR2)","2023-Dec-25 12:16 ± 1_02:07","0.03532","0.02577","8.03","8.02","28.3","5.8 m -   13 m","0"
"(2023 XJ3)","2023-Dec-25 13:40 ± < 00:01","0.04218","0.04214","9.21","9.21","24.1","39 m -   88 m","0"
"(2020 KT4)","2023-Dec-25 19:59 ± < 00:01","0.03422","0.03422","7.28","7.27","23.2","60 m -  130 m","0"
"(2000 YS134)","2023-Dec-25 20:46 ± < 00:01","0.05848","0.05848","4.93","4.92","24.0","42 m -   93 m","0"
"(2024 AE)","2023-Dec-26 03:06 ± < 00:01","0.03415","0.03395","12.66","12.66","25.1","25 m -   57 m","0"
"(2024 BP)","2023-Dec-26 07:10 ±    01:23","0.04671","0.04635","1.70","1.66","26.4","14 m -   30 m","0"
"(2024 AJ)","2023-Dec-26 12:08 ±    00:01","0.02132","0.02113","7.32","7.30","27.3","9.2 m -   21 m","0"
"(2023 XO7)","2023-Dec-26 13:28 ±    00:02","0.01613","0.01608","6.72","6.69","25.9","17 m -   39 m","0"
"(2024 AG)","2023-Dec-27 12:59 ±    00:07","0.01859","0.01829","14.72","14.71","26.0","17 m -   38 m","0"
"(2023 XU17)","2023-Dec-27 18:43 ±    00:03","0.05500","0.05412","7.23","7.23","25.2","24 m -   53 m","0"
"(2024 AT)","2023-Dec-28 02:29 ± < 00:01","0.08223","0.08180","23.09","23.08","22.7","77 m -  170 m","0"
"(2023 YC2)","2023-Dec-28 22:53 ±    00:03","0.00360","0.00357","14.57","14.51","27.2","9.5 m -   21 m","0"
"(2024 AR)","2023-Dec-29 01:48 ± < 00:01","0.06632","0.06538","20.54","20.54","23.6","50 m -  110 m","0"
"(2023 XC8)","2023-Dec-29 11:05 ± < 00:01","0.07944","0.07941","5.63","5.62","25.0","27 m -   60 m","0"
"(2023 YZ)","2023-Dec-29 12:55 ± < 00:01","0.02551","0.02547","5.61","5.60","25.7","19 m -   42 m","0"
"(2022 NK)","2023-Dec-29 13:48 ±    03:41","0.06061","0.05335","11.85","11.85","27.3","9.3 m -   21 m","0"
"(2023 YA2)","2023-Dec-30 00:37 ± < 00:01","0.06930","0.06908","7.20","7.19","25.2","24 m -   54 m","0"
"(2023 YM)","2023-Dec-30 01:18 ±    00:04","0.02597","0.02583","12.36","12.35","24.9","28 m -   62 m","0"
"(2024 AL3)","2023-Dec-30 02:23 ± < 00:01","0.04322","0.04321","11.41","11.40","23.7","48 m -  110 m","0"
"(2024 AE1)","2023-Dec-30 05:33 ± < 00:01","0.01292","0.01292","3.50","3.44","27.2","9.5 m -   21 m","0"
"(2023 XO15)","2023-Dec-30 10:37 ±    00:02","0.05278","0.05252","3.53","3.52","25.8","18 m -   41 m","0"
"(2024 DN)","2023-Dec-30 15:49 ± 3_15:28","0.03333","0.02996","4.17","4.15","25.4","22 m -   50 m","0"
"(2002 AS4)","2023-Dec-30 16:13 ± < 00:01","0.09571","0.09571","27.26","27.26","22.3","94 m -  210 m","0"
"(2024 AB)","2023-Dec-31 00:21 ±    00:01","0.00438","0.00437","8.18","8.10","27.5","8.4 m -   19 m","0"
"(2024 AK)","2023-Dec-31 03:14 ±    00:12","0.09035","0.08852","20.97","20.97","23.5","53 m -  120 m","0"
"(2024 AO1)","2023-Dec-31 04:40 ± < 00:01","0.05691","0.05687","14.02","14.01","23.0","66 m -  150 m","0"
"(2024 AL)","2023-Dec-31 08:07 ±    00:04","0.00239","0.00239","12.56","12.48","27.7","7.7 m -   17 m","0"
"(2023 YU)","2023-Dec-31 12:52 ± < 00:01","0.07453","0.07423","15.97","15.97","24.0","43 m -   96 m","0"
"(2024 AM2)","2023-Dec-31 14:23 ±    00:03","0.01658","0.01649","17.41","17.40","24.9","28 m -   62 m","0"
"(2024 AQ3)","2023-Dec-31 14:30 ±    00:01","0.02472","0.02462","4.65","4.63","26.4","14 m -   31 m","0"
"(2024 AF1)","2023-Dec-31 15:21 ±    00:02","0.05976","0.05846","12.41","12.40","25.4","22 m -   50 m","0"
"(2023 XE12)","2023-Dec-31 15:32 ±    00:14","0.03760","0.03715","11.77","11.77","24.6","32 m -   71 m","0"
"(2021 AM6)","2023-Dec-31 17:26 ±    10:03","0.04682","0.03862","6.65","6.64","26.6","13 m -   28 m","0"
"(2024 AV2)","2024-Jan-01 02:47 ±    00:01","0.00971","0.00971","8.06","8.03","26.6","13 m -   28 m","0"
"(2023 YR1)","2024-Jan-01 02:48 ± < 00:01","0.01661","0.01656","13.30","13.28","25.7","19 m -   43 m","0"
"(2024 AA6)","2024-Jan-01 12:30 ± < 00:01","0.04914","0.04893","7.12","7.12","25.1","25 m -   56 m","0"
"(2023 YY1)","2024-Jan-01 20:09 ± < 00:01","0.02713","0.02707","6.48","6.46","25.8","19 m -   42 m","0"
"(2023 YR)","2024-Jan-02 03:18 ± < 00:01","0.01156","0.01153","12.22","12.20","24.9","28 m -   62 m","0"
"(2024 AQ1)","2024-Jan-02 08:59 ± < 00:01","0.04383","0.04356","15.47","15.47","23.7","48 m -  110 m","0"
"(2011 YP10)","2024-Jan-02 12:59 ±    18:04","0.07049","0.07049","5.81","5.80","23.9","43 m -   97 m","0"
"(2024 AA)","2024-Jan-02 16:39 ± < 00:01","0.00408","0.00407","21.43","21.40","27.4","8.8 m -   20 m","0"
"(2024 AR3)","2024-Jan-02 18:03 ±    00:01","0.05266","0.05223","13.04","13.04","23.6","51 m -  110 m","0"
"(2024 AH3)","2024-Jan-03 02:56 ± < 00:01","0.01800","0.01796","9.88","9.87","25.7","20 m -   44 m","0"
"(2024 AM3)","2024-Jan-03 09:45 ±    08:39","0.01791","0.01653","9.64","9.62","26.6","13 m -   28 m","0"
"(2024 AS)","2024-Jan-03 10:01 ± < 00:01","0.06212","0.06199","7.39","7.39","25.2","24 m -   54 m","0"
"(2024 AA3)","2024-Jan-03 13:49 ± < 00:01","0.03481","0.03451","10.74","10.73","25.8","19 m -   42 m","0"
"(2023 XX12)","2024-Jan-04 15:37 ± < 00:01","0.05678","0.05665","6.91","6.91","24.7","31 m -   69 m","0"
"(2024 AD)","2024-Jan-04 18:15 ± < 00:01","0.00162","0.00162","9.90","9.73","28.8","4.7 m -   11 m","0"
"(2024 AB2)","2024-Jan-04 21:18 ±    00:02","0.00497","0.00496","7.00","6.93","26.8","11 m -   26 m","0"
"(2023 YX1)","2024-Jan-06 13:15 ± < 00:01","0.02592","0.02578","14.31","14.30","24.9","28 m -   63 m","0"
"(2024 AH1)","2024-Jan-06 14:41 ± < 00:01","0.02300","0.02296","9.65","9.64","25.8","18 m -   40 m","0"
"(2024 AV3)","2024-Jan-06 20:27 ±    00:02","0.03125","0.03080","13.82","13.82","25.8","19 m -   41 m","0"
"(2024 AC)","2024-Jan-06 22:50 ± < 00:01","0.01547","0.01547","6.79","6.76","25.5","21 m -   47 m","0"
"(2023 YV1)","2024-Jan-07 02:19 ± < 00:01","0.05648","0.05621","8.12","8.11","23.7","49 m -  110 m","0"
"(2024 AL2)","2024-Jan-07 09:32 ± < 00:01","0.01000","0.00997","6.65","6.61","27.4","8.9 m -   20 m","0"
"(2024 AM)","2024-Jan-07 12:20 ± < 00:01","0.00808","0.00808","9.02","8.99","27.8","7.2 m -   16 m","0"
"(2024 AW)","2024-Jan-07 13:36 ± < 00:01","0.02861","0.02852","8.50","8.49","25.5","21 m -   47 m","0"
"(2019 PJ)","2024-Jan-07 15:55 ± < 00:01","0.02486","0.02486","14.40","14.39","23.8","47 m -  100 m","0"
"(2024 BM1)","2024-Jan-08 00:16 ± < 00:01","0.03649","0.03607","7.31","7.30","26.0","16 m -   37 m","0"
"(2024 AC3)","2024-Jan-08 01:13 ± < 00:01","0.01044","0.01039","21.50","21.49","25.3","24 m -   53 m","0"
"(2018 WA2)","2024-Jan-08 03:35 ± < 00:01","0.08309","0.08309","9.55","9.55","22.6","81 m -  180 m","0"
"(2024 AX3)","2024-Jan-08 04:48 ±    00:14","0.01233","0.01190","5.51","5.47","27.7","7.8 m -   17 m","0"
"(2024 AD2)","2024-Jan-08 10:58 ± < 00:01","0.03229","0.03202","7.27","7.26","26.4","14 m -   31 m","0"
"(2023 UO9)","2024-Jan-08 19:42 ± < 00:01","0.06725","0.06723","4.78","4.77","22.3","92 m -  210 m","0"
"(2024 BU)","2024-Jan-09 00:21 ±    00:06","0.01831","0.01820","7.03","7.01","28.3","5.8 m -   13 m","0"
"(2024 BE4)","2024-Jan-09 03:14 ± < 00:01","0.04747","0.04685","7.61","7.61","26.4","14 m -   31 m","0"
"(2023 XN13)","2024-Jan-09 06:22 ±    00:07","0.04033","0.04017","1.44","1.39","28.2","6.2 m -   14 m","0"
"(2022 YS5)","2024-Jan-09 07:08 ± < 00:01","0.05780","0.05780","5.90","5.89","24.8","29 m -   64 m","0"
"(2024 AS1)","2024-Jan-09 18:12 ± < 00:01","0.00388","0.00387","16.79","16.74","27.3","9.1 m -   20 m","0"
"(2024 BQ)","2024-Jan-10 00:24 ±    00:13","0.01501","0.01488","12.72","12.71","24.9","28 m -   63 m","0"
"(2024 AC4)","2024-Jan-10 00:50 ± < 00:01","0.01625","0.01611","8.99","8.97","27.3","9.3 m -   21 m","0"
"613986 (2008 JG)","2024-Jan-10 01:09 ± < 00:01","0.08964","0.08964","7.79","7.79","20.8","180 m -  410 m","0"
"(2024 AF4)","2024-Jan-10 04:38 ±    00:02","0.04750","0.04727","6.32","6.31","26.0","17 m -   38 m","0"
"(2023 XT14)","2024-Jan-10 12:02 ± < 00:01","0.03113","0.03098","6.37","6.36","25.7","20 m -   44 m","0"
"(2024 BA)","2024-Jan-10 12:23 ±    01:03","0.00972","0.00960","12.50","12.47","26.0","17 m -   38 m","0"
"(2024 AU1)","2024-Jan-10 14:07 ±    00:02","0.04693","0.04647","18.15","18.14","24.2","39 m -   86 m","0"
"(2024 AN1)","2024-Jan-10 17:08 ± < 00:01","0.01035","0.01035","7.94","7.91","26.6","13 m -   29 m","0"
"(2023 YO1)","2024-Jan-10 17:53 ± < 00:01","0.01743","0.01743","3.07","3.02","25.9","18 m -   39 m","0"
"(2018 BM5)","2024-Jan-10 18:55 ± < 00:01","0.07527","0.07527","7.95","7.94","27.4","8.7 m -   20 m","0"
"(2023 XM16)","2024-Jan-10 21:37 ± < 00:01","0.07038","0.07018","16.91","16.91","22.9","69 m -  150 m","0"
"(2024 AO4)","2024-Jan-10 22:08 ± < 00:01","0.07821","0.07746","9.27","9.26","23.6","50 m -  110 m","0"
"(2024 AY2)","2024-Jan-10 22:52 ±    00:01","0.02139","0.02128","8.39","8.38","27.0","11 m -   24 m","0"
"(2022 BA7)","2024-Jan-10 23:43 ± 6_16:48","0.06237","0.04575","7.72","7.71","30.9","1.8 m -  4.0 m","0"
"(2024 AE4)","2024-Jan-11 00:18 ±    00:24","0.00814","0.00784","8.23","8.19","28.7","4.8 m -   11 m","0"
"(2024 AG2)","2024-Jan-11 03:17 ± < 00:01","0.06374","0.06350","10.34","10.34","23.8","46 m -  100 m","0"
"(2024 AE2)","2024-Jan-11 04:55 ± < 00:01","0.09504","0.09450","16.45","16.45","22.6","81 m -  180 m","0"
"(2024 AM4)","2024-Jan-11 09:50 ± < 00:01","0.00080","0.00080","3.20","1.88","28.7","4.8 m -   11 m","0"
"(2020 AC1)","2024-Jan-11 11:29 ± 2_10:06","0.04939","0.04207","5.32","5.31","28.4","5.6 m -   12 m","0"
"(2024 AB4)","2024-Jan-11 13:28 ± < 00:01","0.03817","0.03808","2.96","2.93","26.1","16 m -   37 m","0"
"(2024 BR1)","2024-Jan-11 14:56 ±    00:15","0.02858","0.02810","14.76","14.75","26.3","15 m -   33 m","0"
"(2024 BZ15)","2024-Jan-11 18:36 ±    10:41","0.01185","0.01148","10.43","10.41","26.4","14 m -   31 m","0"
"(2024 AG4)","2024-Jan-11 21:32 ±    00:11","0.00228","0.00227","11.97","11.87","28.4","5.5 m -   12 m","0"
"(2023 WZ3)","2024-Jan-11 23:30 ± < 00:01","0.04140","0.04140","3.99","3.97","24.6","31 m -   70 m","0"
"(2024 BF2)","2024-Jan-12 00:43 ±    00:02","0.07500","0.07373","7.54","7.54","25.7","19 m -   43 m","0"
"(2024 AR2)","2024-Jan-12 03:45 ± < 00:01","0.00847","0.00845","19.19","19.18","26.4","14 m -   31 m","0"
"(2024 AP)","2024-Jan-12 09:46 ± < 00:01","0.08870","0.08839","20.27","20.27","22.1","100 m -  230 m","0"
"(2017 UN1)","2024-Jan-12 10:10 ±    01:21","0.07179","0.06419","13.04","13.04","24.8","30 m -   67 m","0"
"(2021 RL7)","2024-Jan-13 01:53 ± 1_01:07","0.08118","0.06298","7.63","7.62","28.3","5.9 m -   13 m","0"
"(2024 AP3)","2024-Jan-13 03:14 ± < 00:01","0.08443","0.08443","15.09","15.08","24.4","36 m -   80 m","0"
"(2024 BV)","2024-Jan-13 06:59 ± < 00:01","0.01444","0.01437","18.51","18.50","27.4","8.7 m -   19 m","0"
"(2024 AW2)","2024-Jan-13 12:11 ± < 00:01","0.02801","0.02790","6.74","6.73","26.3","14 m -   32 m","0"
"(2024 AD4)","2024-Jan-13 14:04 ± < 00:01","0.05575","0.05529","13.12","13.12","24.8","29 m -   65 m","0"
"(2024 AR1)","2024-Jan-13 14:28 ± < 00:01","0.02564","0.02555","4.53","4.51","26.1","16 m -   37 m","0"
"(2024 BY1)","2024-Jan-13 17:58 ±    00:10","0.02037","0.02025","13.36","13.35","25.7","19 m -   43 m","0"
"(2017 SM2)","2024-Jan-13 20:52 ± 1_12:16","0.09072","0.08980","7.66","7.65","27.3","9.2 m -   21 m","0"
"(2021 VB2)","2024-Jan-13 21:20 ± 4_05:16","0.07800","0.07799","7.45","7.44","28.3","5.7 m -   13 m","0"
"(2024 AQ4)","2024-Jan-14 00:04 ± < 00:01","0.00832","0.00831","9.79","9.76","25.8","19 m -   42 m","0"
"(2024 BE)","2024-Jan-14 00:33 ± < 00:01","0.07102","0.07044","11.37","11.36","24.0","41 m -   92 m","0"
"(2016 CL18)","2024-Jan-14 04:55 ± 2_00:28","0.09090","0.05672","14.67","14.67","23.9","44 m -   97 m","0"
"(2024 BV1)","2024-Jan-14 10:06 ±    00:06","0.02122","0.02103","11.55","11.54","27.2","9.6 m -   21 m","0"
"(2024 AF3)","2024-Jan-14 16:21 ± < 00:01","0.02248","0.02240","6.74","6.72","27.0","11 m -   24 m","0"
"(2024 BK)","2024-Jan-14 17:34 ± < 00:01","0.02213","0.02205","15.46","15.45","24.7","30 m -   68 m","0"
"(2024 AG3)","2024-Jan-14 18:18 ±    00:03","0.01135","0.01129","9.79","9.77","27.7","7.8 m -   17 m","0"
"(2024 AZ3)","2024-Jan-14 20:23 ±    00:08","0.00166","0.00166","10.02","9.86","28.8","4.7 m -   10 m","0"
"(2024 BV2)","2024-Jan-14 23:41 ±    00:05","0.02592","0.02581","5.31","5.29","27.7","7.8 m -   17 m","0"
"(2024 AN3)","2024-Jan-15 02:40 ±    00:01","0.06394","0.06330","9.44","9.43","25.1","26 m -   58 m","0"
"(2024 BA16)","2024-Jan-15 08:11 ±    00:05","0.00094","0.00093","8.94","8.62","28.9","4.3 m -  9.7 m","0"
"(2024 AT2)","2024-Jan-15 10:50 ± < 00:01","0.00959","0.00953","8.74","8.71","27.3","9.0 m -   20 m","0"
"(2023 XW14)","2024-Jan-15 17:39 ± < 00:01","0.09863","0.09858","25.83","25.83","21.4","140 m -  310 m","0"
"(2015 AK1)","2024-Jan-15 23:22 ± < 00:01","0.04057","0.04057","13.22","13.22","24.3","37 m -   83 m","0"
"(2019 AC9)","2024-Jan-16 06:26 ± 2_20:24","0.05604","0.02045","8.76","8.76","25.7","19 m -   42 m","0"
"(2024 BH1)","2024-Jan-16 07:06 ±    00:03","0.01904","0.01897","19.59","19.58","26.1","16 m -   35 m","0"
"(2024 BZ)","2024-Jan-16 08:33 ±    00:07","0.02599","0.02592","5.60","5.58","27.3","9.3 m -   21 m","0"
"(2024 AH4)","2024-Jan-16 16:18 ±    00:01","0.03959","0.03911","8.79","8.78","25.6","20 m -   45 m","0"
"(2024 AU2)","2024-Jan-16 17:27 ± < 00:01","0.09960","0.09919","18.43","18.43","22.4","87 m -  200 m","0"
"(2024 AB3)","2024-Jan-16 23:08 ±    00:02","0.01954","0.01927","19.18","19.17","26.6","13 m -   29 m","0"
"(2012 BN1)","2024-Jan-16 23:16 ± < 00:01","0.07065","0.07065","4.55","4.54","25.5","21 m -   47 m","0"
"(2024 BS1)","2024-Jan-17 00:41 ±    00:03","0.00794","0.00790","16.43","16.41","27.4","9.0 m -   20 m","0"
"(2024 BV4)","2024-Jan-17 00:48 ±    00:04","0.06842","0.06810","15.88","15.87","23.3","58 m -  130 m","0"
"(2024 AV4)","2024-Jan-17 12:35 ± < 00:01","0.02219","0.02212","15.47","15.46","25.3","23 m -   51 m","0"
"(2023 BE4)","2024-Jan-17 16:00 ± 1_10:33","0.06949","0.03607","15.91","15.91","25.7","20 m -   44 m","0"
"(2024 BB)","2024-Jan-17 16:55 ± < 00:01","0.02698","0.02685","16.98","16.97","26.1","16 m -   35 m","0"
"(2013 BB70)","2024-Jan-17 21:55 ± < 00:01","0.05825","0.05824","11.20","11.19","23.9","44 m -   98 m","0"
"(2024 BW1)","2024-Jan-18 02:18 ± < 00:01","0.01664","0.01661","4.98","4.95","25.1","25 m -   56 m","0"
"(2024 CD)","2024-Jan-18 04:15 ±    00:16","0.02241","0.02225","10.17","10.16","25.5","21 m -   47 m","0"
"(2024 BD)","2024-Jan-19 13:19 ± < 00:01","0.01828","0.01822","22.51","22.50","25.4","22 m -   50 m","0"
"(2023 XA8)","2024-Jan-19 16:38 ± < 00:01","0.06921","0.06920","9.71","9.71","22.7","77 m -  170 m","0"
"(2024 CA4)","2024-Jan-19 19:37 ±    01:21","0.04181","0.04030","10.48","10.47","25.5","21 m -   48 m","0"
"(2021 BA)","2024-Jan-19 21:50 ± < 00:01","0.09430","0.09430","7.77","7.77","26.0","17 m -   38 m","0"
"(2024 AE3)","2024-Jan-19 23:26 ± < 00:01","0.02830","0.02829","7.52","7.51","24.5","34 m -   76 m","0"
"(2024 BC)","2024-Jan-20 04:25 ± < 00:01","0.00566","0.00565","18.89","18.87","27.2","9.8 m -   22 m","0"
"(2024 BU2)","2024-Jan-20 07:49 ±    00:02","0.09060","0.09027","7.52","7.51","23.2","61 m -  140 m","0"
"(2024 BQ1)","2024-Jan-20 10:25 ± < 00:01","0.00231","0.00231","6.60","6.42","30.1","2.6 m -  5.8 m","0"
"(2023 XX7)","2024-Jan-20 19:11 ± < 00:01","0.05230","0.05229","6.26","6.26","24.3","36 m -   81 m","0"
"(2015 UH52)","2024-Jan-20 22:05 ± < 00:01","0.08384","0.08384","11.67","11.67","26.0","17 m -   37 m","0"
"(2024 BL)","2024-Jan-20 23:00 ± < 00:01","0.01197","0.01187","18.84","18.83","27.3","9.4 m -   21 m","0"
"(2024 AH2)","2024-Jan-21 01:25 ±    00:03","0.07198","0.07158","5.34","5.34","23.7","49 m -  110 m","0"
"(2023 XQ13)","2024-Jan-21 08:03 ± < 00:01","0.07441","0.07438","11.37","11.37","22.5","84 m -  190 m","0"
"(2024 BE1)","2024-Jan-21 15:08 ± < 00:01","0.00545","0.00543","9.77","9.72","28.9","4.3 m -  9.7 m","0"
"(2024 CF3)","2024-Jan-21 20:39 ±    00:03","0.02150","0.02141","4.37","4.34","26.3","15 m -   33 m","0"
"(2024 CL)","2024-Jan-21 23:56 ±    00:05","0.03306","0.03279","13.34","13.34","25.1","25 m -   57 m","0"
"(2024 BX5)","2024-Jan-22 02:03 ±    00:03","0.04535","0.04525","2.81","2.79","27.5","8.4 m -   19 m","0"
"(2024 BM)","2024-Jan-22 03:49 ±    00:02","0.02028","0.02010","5.98","5.95","27.0","11 m -   24 m","0"
"(2024 BD4)","2024-Jan-22 04:34 ± < 00:01","0.00534","0.00533","1.91","1.63","26.5","13 m -   30 m","0"
"(2020 YK3)","2024-Jan-22 06:59 ±    10:41","0.06297","0.05291","6.59","6.58","27.2","9.8 m -   22 m","0"
"(2017 WT28)","2024-Jan-22 14:13 ± 2_16:22","0.09290","0.09155","3.87","3.86","28.1","6.4 m -   14 m","0"
"(2024 BG2)","2024-Jan-22 19:06 ± < 00:01","0.00371","0.00370","31.60","31.57","27.0","11 m -   24 m","0"
"(2024 CZ6)","2024-Jan-22 20:14 ±    00:09","0.02690","0.02674","5.15","5.13","25.4","22 m -   49 m","0"
"(2024 BN)","2024-Jan-23 01:52 ±    00:01","0.06326","0.06298","12.87","12.86","25.2","24 m -   54 m","0"
"(2024 BA1)","2024-Jan-23 06:47 ±    00:03","0.02187","0.02167","6.38","6.36","27.0","11 m -   24 m","0"
"(2024 BZ3)","2024-Jan-23 11:16 ±    00:03","0.00627","0.00625","5.71","5.63","27.8","7.3 m -   16 m","0"
"(2024 BV3)","2024-Jan-23 12:00 ±    00:06","0.02297","0.02255","12.82","12.81","26.8","12 m -   26 m","0"
"(2021 BL3)","2024-Jan-23 14:40 ± 4_00:19","0.04410","0.01970","23.39","23.39","24.7","30 m -   68 m","0"
"(2024 CJ)","2024-Jan-23 23:42 ±    00:02","0.02410","0.02400","6.42","6.40","25.2","24 m -   54 m","0"
"(2024 AL6)","2024-Jan-24 01:18 ± < 00:01","0.01396","0.01390","27.02","27.02","25.7","20 m -   44 m","0"
"(2024 BQ3)","2024-Jan-24 08:51 ± < 00:01","0.01229","0.01223","8.66","8.63","26.7","12 m -   27 m","0"
"(2024 BN1)","2024-Jan-24 15:31 ±    15:07","0.09048","0.08736","7.11","7.11","26.0","17 m -   38 m","0"
"(2024 BF5)","2024-Jan-25 01:51 ± < 00:01","0.03928","0.03908","12.30","12.29","25.4","22 m -   49 m","0"
"(2017 BG92)","2024-Jan-25 05:14 ± 2_07:39","0.03009","0.01413","6.29","6.27","28.8","4.7 m -   10 m","0"
"(2024 CC)","2024-Jan-25 07:02 ± < 00:01","0.02618","0.02611","5.87","5.85","25.2","24 m -   55 m","0"
"(2011 CQ1)","2024-Jan-26 05:13 ± 1_18:45","0.02894","0.02530","4.62","4.60","32.1","1.0 m -  2.3 m","0"
"(2024 BC3)","2024-Jan-26 07:27 ± < 00:01","0.04961","0.04953","17.89","17.89","22.2","96 m -  210 m","0"
"(2024 BA5)","2024-Jan-26 09:33 ± < 00:01","0.01849","0.01844","8.78","8.77","26.0","17 m -   37 m","0"
"(2024 BP4)","2024-Jan-27 00:02 ±    14:04","0.02014","0.01754","11.25","11.23","26.9","11 m -   24 m","0"
"(2024 BB4)","2024-Jan-27 06:06 ±    00:02","0.07945","0.07855","10.48","10.48","25.5","21 m -   48 m","0"
"(2024 BC5)","2024-Jan-27 07:42 ±    00:02","0.01724","0.01706","12.43","12.42","24.8","29 m -   65 m","0"
"(2024 AU4)","2024-Jan-28 00:18 ± < 00:01","0.04215","0.04194","17.42","17.42","23.1","63 m -  140 m","0"
"(2024 CE3)","2024-Jan-28 03:28 ±    00:45","0.08585","0.08477","6.64","6.63","25.1","26 m -   57 m","0"
"(2024 BP3)","2024-Jan-28 13:36 ±    00:03","0.00474","0.00472","13.67","13.63","27.5","8.4 m -   19 m","0"
"(2024 CR)","2024-Jan-28 19:56 ±    00:03","0.01738","0.01733","10.24","10.22","26.9","11 m -   24 m","0"
"(2024 CO4)","2024-Jan-28 21:10 ±    00:26","0.02001","0.01986","11.47","11.46","26.6","13 m -   29 m","0"
"(2024 CW1)","2024-Jan-28 22:44 ±    00:10","0.04360","0.04336","8.32","8.32","26.6","12 m -   28 m","0"
"(2024 BC6)","2024-Jan-29 07:22 ± < 00:01","0.00545","0.00539","12.13","12.09","28.1","6.4 m -   14 m","0"
"667303 (2011 FR29)","2024-Jan-29 10:55 ± < 00:01","0.07092","0.07092","9.34","9.33","21.6","130 m -  290 m","0"
"(2012 BA62)","2024-Jan-29 15:48 ± 2_10:19","0.07380","0.05934","7.61","7.60","26.6","12 m -   28 m","0"
"(2014 YS)","2024-Jan-29 22:06 ±    02:54","0.07214","0.06435","10.95","10.95","24.5","33 m -   75 m","0"
"(2023 XV21)","2024-Jan-30 03:39 ±    00:02","0.05517","0.05502","7.28","7.28","23.6","50 m -  110 m","0"
"(2024 DB1)","2024-Jan-30 09:41 ±    00:12","0.09336","0.09178","19.05","19.05","23.3","58 m -  130 m","0"
"(2024 CQ5)","2024-Jan-30 09:48 ±    00:01","0.07151","0.07123","27.73","27.73","22.6","79 m -  180 m","0"
"(2024 CG)","2024-Jan-30 10:01 ±    00:03","0.00810","0.00801","9.77","9.74","26.5","14 m -   30 m","0"
"(2024 BA3)","2024-Jan-30 11:43 ± < 00:01","0.00400","0.00400","5.76","5.65","28.9","4.5 m -   10 m","0"
"(2024 BF)","2024-Jan-30 15:37 ± < 00:01","0.09927","0.09924","2.99","2.98","24.4","35 m -   79 m","0"
"(2024 BS6)","2024-Jan-31 03:01 ± < 00:01","0.01278","0.01267","11.94","11.92","25.6","20 m -   45 m","0"
"(2022 OT1)","2024-Jan-31 05:41 ± < 00:01","0.06952","0.06952","4.94","4.93","25.3","24 m -   53 m","0"
"(2024 CK)","2024-Jan-31 08:31 ± < 00:01","0.01561","0.01558","7.72","7.70","25.3","23 m -   52 m","0"
"(2024 BR3)","2024-Jan-31 10:42 ± < 00:01","0.02920","0.02904","11.29","11.28","25.2","24 m -   54 m","0"
"(2018 CH2)","2024-Feb-01 13:26 ± 3_21:42","0.08230","0.05017","11.07","11.07","28.0","6.7 m -   15 m","0"
"(2003 BM4)","2024-Feb-01 19:26 ± < 00:01","0.02221","0.02221","10.86","10.85","24.9","27 m -   61 m","0"
"(2024 BY)","2024-Feb-01 22:06 ± < 00:01","0.01694","0.01691","5.37","5.34","26.3","14 m -   32 m","0"
"(2024 CD3)","2024-Feb-02 01:05 ±    00:01","0.03777","0.03759","8.61","8.60","26.0","16 m -   37 m","0"
"(2024 BO3)","2024-Feb-02 07:18 ±    00:15","0.03448","0.03420","12.13","12.12","26.7","12 m -   27 m","0"
"(2024 BH3)","2024-Feb-02 08:44 ±    00:09","0.06462","0.06355","7.28","7.27","24.9","28 m -   63 m","0"
"(2024 CP)","2024-Feb-02 09:15 ±    02:01","0.08772","0.08402","3.78","3.77","25.1","25 m -   56 m","0"
"(2024 CO8)","2024-Feb-02 13:32 ±    00:15","0.04102","0.04029","10.52","10.51","26.5","13 m -   29 m","0"
"(2024 BJ3)","2024-Feb-02 13:50 ± < 00:01","0.00574","0.00573","17.75","17.72","26.0","17 m -   37 m","0"
"(2024 BP1)","2024-Feb-02 19:17 ±    00:02","0.02289","0.02267","7.21","7.19","24.8","30 m -   66 m","0"
"(2024 BA4)","2024-Feb-03 04:36 ± < 00:01","0.02351","0.02333","12.99","12.98","26.8","12 m -   26 m","0"
"(2024 BN3)","2024-Feb-03 05:01 ± < 00:01","0.01923","0.01914","7.26","7.24","27.5","8.5 m -   19 m","0"
"(2023 BG)","2024-Feb-03 09:36 ± < 00:01","0.05445","0.05445","12.46","12.46","23.3","58 m -  130 m","0"
"(2007 EG)","2024-Feb-03 10:22 ± < 00:01","0.02996","0.02996","7.75","7.74","24.6","33 m -   73 m","0"
"(2024 CT)","2024-Feb-03 14:56 ± < 00:01","0.00456","0.00455","8.21","8.14","26.8","11 m -   26 m","0"
"(2024 AF)","2024-Feb-04 03:20 ± < 00:01","0.08803","0.08800","5.26","5.26","23.8","47 m -  110 m","0"
"(2024 BT4)","2024-Feb-04 06:43 ± < 00:01","0.07012","0.07005","5.17","5.16","25.3","24 m -   53 m","0"
"(2024 CJ3)","2024-Feb-04 06:47 ± < 00:01","0.06150","0.06116","9.69","9.69","23.7","47 m -  110 m","0"
"(2024 CZ)","2024-Feb-04 07:14 ± < 00:01","0.03087","0.03074","5.53","5.51","26.6","13 m -   28 m","0"
"(2024 CB)","2024-Feb-04 09:05 ± < 00:01","0.02445","0.02437","8.43","8.42","26.0","17 m -   37 m","0"
"(2024 BL3)","2024-Feb-05 04:23 ± < 00:01","0.05081","0.05059","15.51","15.50","24.5","34 m -   76 m","0"
"(2024 CT8)","2024-Feb-05 08:08 ±    01:17","0.01373","0.01361","7.55","7.53","26.5","13 m -   29 m","0"
"(2024 BS4)","2024-Feb-05 08:35 ± < 00:01","0.02772","0.02759","9.46","9.45","25.9","18 m -   39 m","0"
"(2024 CN2)","2024-Feb-05 10:06 ± < 00:01","0.03087","0.03076","17.50","17.50","25.9","17 m -   39 m","0"
"(2024 BE5)","2024-Feb-05 11:17 ± < 00:01","0.04449","0.04432","9.60","9.60","25.5","21 m -   47 m","0"
"(2024 CR2)","2024-Feb-05 12:47 ± < 00:01","0.03162","0.03147","11.21","11.21","23.9","43 m -   96 m","0"
"(2024 DM)","2024-Feb-05 12:54 ±    01:03","0.04293","0.04192","13.37","13.36","25.0","27 m -   60 m","0"
"(2024 CH)","2024-Feb-05 14:52 ± < 00:01","0.00590","0.00589","20.80","20.78","25.9","17 m -   39 m","0"
"(2015 KQ57)","2024-Feb-05 16:45 ± < 00:01","0.07160","0.07160","13.77","13.77","22.2","98 m -  220 m","0"
"(2023 CE3)","2024-Feb-05 17:00 ±    09:33","0.08535","0.08206","15.26","15.26","25.2","24 m -   54 m","0"
"(2024 DT)","2024-Feb-05 21:49 ±    01:09","0.03827","0.03751","16.72","16.72","24.4","36 m -   80 m","0"
"(2024 BU4)","2024-Feb-06 05:54 ± < 00:01","0.05243","0.05235","10.15","10.15","23.6","52 m -  120 m","0"
"(2024 BV5)","2024-Feb-06 10:59 ±    00:05","0.09256","0.09105","8.34","8.33","24.2","38 m -   86 m","0"
"(2024 BT3)","2024-Feb-06 13:12 ±    00:02","0.03618","0.03577","5.03","5.02","26.9","11 m -   24 m","0"
"(2024 BO)","2024-Feb-06 23:18 ± < 00:01","0.05080","0.05078","6.07","6.06","25.3","23 m -   52 m","0"
"(2024 CQ4)","2024-Feb-07 01:03 ± < 00:01","0.05419","0.05383","7.50","7.49","25.3","24 m -   53 m","0"
"(2024 DS)","2024-Feb-07 02:44 ±    01:23","0.01762","0.01727","11.95","11.93","25.9","17 m -   39 m","0"
"(2024 DP)","2024-Feb-07 02:49 ±    00:03","0.01127","0.01121","6.69","6.65","25.4","22 m -   48 m","0"
"(2024 CQ2)","2024-Feb-07 05:10 ±    00:01","0.00637","0.00635","10.96","10.93","27.5","8.5 m -   19 m","0"
"(2024 BW4)","2024-Feb-07 05:27 ± < 00:01","0.02972","0.02946","22.10","22.10","24.1","40 m -   89 m","0"
"(2024 CF2)","2024-Feb-07 06:02 ± < 00:01","0.00901","0.00897","29.42","29.41","26.5","13 m -   29 m","0"
"(2024 BK4)","2024-Feb-07 17:08 ± < 00:01","0.07093","0.07071","6.66","6.66","25.2","24 m -   54 m","0"
"(2024 CF4)","2024-Feb-07 21:39 ±    00:04","0.02859","0.02840","22.06","22.06","25.0","26 m -   59 m","0"
"(2024 CK1)","2024-Feb-08 09:29 ± < 00:01","0.00152","0.00152","12.06","11.91","29.4","3.6 m -  8.0 m","0"
"(2024 CO2)","2024-Feb-08 18:51 ±    00:04","0.00380","0.00378","10.60","10.54","26.8","11 m -   25 m","0"
"(2024 EM1)","2024-Feb-09 00:29 ±    02:09","0.05547","0.05526","0.39","0.24","27.1","10 m -   23 m","0"
"(2024 CH1)","2024-Feb-09 06:53 ±    00:04","0.08603","0.08513","7.10","7.10","25.2","25 m -   55 m","0"
"(2024 FQ)","2024-Feb-09 18:41 ± < 00:01","0.03316","0.03316","3.54","3.51","25.6","20 m -   45 m","0"
"(2024 CJ1)","2024-Feb-09 20:10 ± < 00:01","0.00246","0.00245","7.63","7.48","28.4","5.5 m -   12 m","0"
"(2024 BJ4)","2024-Feb-10 09:46 ±    02:04","0.07760","0.07627","8.09","8.08","25.6","20 m -   44 m","0"
"(2024 BH)","2024-Feb-10 10:37 ± < 00:01","0.04704","0.04700","8.08","8.07","23.2","60 m -  130 m","0"
"(2024 CN8)","2024-Feb-10 13:11 ±    00:02","0.00307","0.00306","3.12","2.83","28.9","4.3 m -  9.6 m","0"
"(2024 CV1)","2024-Feb-10 21:53 ± < 00:01","0.01328","0.01324","3.06","3.00","28.7","4.9 m -   11 m","0"
"(2009 DB1)","2024-Feb-11 04:28 ± < 00:01","0.08410","0.08410","15.27","15.27","23.1","65 m -  150 m","0"
"(2024 CZ3)","2024-Feb-11 07:57 ± < 00:01","0.01315","0.01314","9.30","9.28","25.0","27 m -   61 m","0"
"(2024 CU)","2024-Feb-11 08:58 ± < 00:01","0.00462","0.00462","7.25","7.17","26.4","14 m -   31 m","0"
"(2024 EE1)","2024-Feb-11 16:36 ±    01:06","0.04142","0.04110","5.60","5.58","26.0","17 m -   37 m","0"
"(2024 CC4)","2024-Feb-12 04:18 ± < 00:01","0.01176","0.01163","7.76","7.73","27.5","8.3 m -   19 m","0"
"(2024 CY1)","2024-Feb-12 07:32 ± < 00:01","0.00081","0.00081","14.53","14.30","29.2","3.8 m -  8.5 m","0"
"(2020 DK)","2024-Feb-12 13:49 ± 3_12:28","0.02279","0.00941","9.87","9.86","26.1","16 m -   36 m","0"
"(2024 BH5)","2024-Feb-12 14:56 ± < 00:01","0.09367","0.09362","11.82","11.81","23.8","46 m -  100 m","0"
"(2024 CM5)","2024-Feb-12 15:42 ± < 00:01","0.00094","0.00094","10.76","10.50","28.3","5.7 m -   13 m","0"
"(2023 CU)","2024-Feb-12 21:00 ±    00:14","0.09536","0.09515","7.56","7.56","27.2","9.5 m -   21 m","0"
"(2024 CG4)","2024-Feb-13 01:57 ± < 00:01","0.05600","0.05582","18.56","18.55","23.6","49 m -  110 m","0"
"(2024 DD)","2024-Feb-13 03:15 ±    00:14","0.00885","0.00878","13.24","13.22","27.9","6.9 m -   15 m","0"
"(2024 CD4)","2024-Feb-13 05:17 ± < 00:01","0.01114","0.01113","6.39","6.35","26.6","12 m -   28 m","0"
"(2024 CO5)","2024-Feb-13 05:45 ± < 00:01","0.06964","0.06946","6.82","6.82","24.9","27 m -   61 m","0"
"(2024 DH)","2024-Feb-13 09:00 ±    00:01","0.01843","0.01828","17.61","17.60","26.2","16 m -   35 m","0"
"(2024 CB7)","2024-Feb-13 09:47 ± < 00:01","0.01130","0.01128","8.27","8.24","26.0","17 m -   37 m","0"
"(2024 AZ10)","2024-Feb-13 15:52 ± < 00:01","0.08229","0.08227","20.67","20.67","22.5","83 m -  180 m","0"
"(2024 DA)","2024-Feb-13 22:15 ± < 00:01","0.00813","0.00810","12.52","12.49","27.4","8.8 m -   20 m","0"
"(2024 DJ)","2024-Feb-14 03:00 ±    00:06","0.05826","0.05772","18.77","18.76","25.1","25 m -   55 m","0"
"(2024 CD1)","2024-Feb-14 03:03 ±    00:14","0.02528","0.02505","12.30","12.29","26.4","14 m -   31 m","0"
"(2024 CR6)","2024-Feb-14 03:10 ±    00:05","0.00281","0.00280","21.86","21.81","27.9","6.8 m -   15 m","0"
"(2024 CK3)","2024-Feb-14 05:24 ± < 00:01","0.04493","0.04484","7.78","7.77","24.7","30 m -   67 m","0"
"(2024 CL1)","2024-Feb-14 07:11 ±    00:01","0.00865","0.00859","14.25","14.23","25.8","18 m -   41 m","0"
"(2024 DC1)","2024-Feb-14 13:25 ±    01:27","0.04387","0.04325","6.97","6.96","26.7","12 m -   27 m","0"
"(2024 CU1)","2024-Feb-14 13:31 ± < 00:01","0.00391","0.00390","10.81","10.75","26.7","12 m -   27 m","0"
"(2018 CY2)","2024-Feb-14 16:34 ± < 00:01","0.05620","0.05620","15.21","15.20","22.4","86 m -  190 m","0"
"(2024 CE1)","2024-Feb-15 00:01 ± < 00:01","0.02830","0.02800","9.16","9.15","25.6","20 m -   45 m","0"
"(2024 DK1)","2024-Feb-15 07:53 ±    00:05","0.01383","0.01375","6.82","6.79","27.2","9.5 m -   21 m","0"
"(2024 CN3)","2024-Feb-15 12:27 ±    00:14","0.04009","0.03984","9.22","9.21","26.2","15 m -   34 m","0"
"(2024 EW2)","2024-Feb-15 15:54 ±    00:25","0.05203","0.05131","23.29","23.29","22.0","110 m -  240 m","0"
"(2024 CY)","2024-Feb-15 16:42 ± < 00:01","0.05117","0.05116","1.78","1.75","25.4","22 m -   49 m","0"
"(2024 CE4)","2024-Feb-15 19:33 ± < 00:01","0.00628","0.00627","18.67","18.64","27.3","9.3 m -   21 m","0"
"(2024 CP5)","2024-Feb-16 00:25 ± < 00:01","0.04266","0.04251","7.82","7.82","26.0","17 m -   37 m","0"
"(2024 DE)","2024-Feb-16 01:01 ± < 00:01","0.01313","0.01310","6.22","6.19","27.8","7.3 m -   16 m","0"
"(2024 CK6)","2024-Feb-16 01:32 ± < 00:01","0.02878","0.02872","8.23","8.22","26.6","13 m -   29 m","0"
"(2024 CP4)","2024-Feb-16 01:52 ± < 00:01","0.01455","0.01450","11.61","11.60","25.4","23 m -   50 m","0"
"(2024 AO)","2024-Feb-16 03:05 ± < 00:01","0.02370","0.02370","7.29","7.28","24.2","38 m -   85 m","0"
"(2024 CC8)","2024-Feb-16 05:13 ±    00:03","0.07552","0.07489","11.88","11.88","25.1","26 m -   57 m","0"
"(2024 DV)","2024-Feb-16 17:37 ± < 00:01","0.00881","0.00880","5.69","5.64","26.3","15 m -   33 m","0"
"(2024 CT6)","2024-Feb-16 21:24 ± < 00:01","0.00240","0.00240","20.94","20.89","29.2","3.9 m -  8.6 m","0"
"(2024 CA2)","2024-Feb-16 23:40 ±    00:09","0.03009","0.02939","10.74","10.73","24.4","36 m -   80 m","0"
"(2024 CF7)","2024-Feb-17 05:12 ±    00:01","0.00071","0.00071","10.61","10.25","29.5","3.4 m -  7.6 m","0"
"(2024 DZ)","2024-Feb-17 06:32 ±    00:01","0.01216","0.01212","7.59","7.56","28.4","5.4 m -   12 m","0"
"(2024 BJ5)","2024-Feb-17 11:42 ± < 00:01","0.09533","0.09480","11.94","11.94","22.5","83 m -  190 m","0"
"(2024 CR5)","2024-Feb-17 14:43 ± < 00:01","0.04392","0.04345","14.12","14.11","25.6","21 m -   46 m","0"
"(2024 CZ2)","2024-Feb-17 14:49 ±    00:02","0.09022","0.08986","5.60","5.60","25.9","17 m -   39 m","0"
"(2013 DB1)","2024-Feb-17 15:48 ± < 00:01","0.08843","0.08843","4.60","4.59","26.1","16 m -   36 m","0"
"(2024 CS6)","2024-Feb-17 17:29 ± < 00:01","0.01915","0.01911","6.67","6.65","26.1","16 m -   35 m","0"
"(2024 CS7)","2024-Feb-17 22:44 ± < 00:01","0.02097","0.02093","12.84","12.83","25.1","25 m -   56 m","0"
"(2024 CA8)","2024-Feb-18 01:43 ± < 00:01","0.01950","0.01941","26.08","26.07","24.3","36 m -   81 m","0"
"(2024 BC8)","2024-Feb-18 03:37 ± < 00:01","0.01593","0.01588","10.50","10.48","25.4","22 m -   49 m","0"
"(2024 BE2)","2024-Feb-18 09:22 ± < 00:01","0.08550","0.08543","8.46","8.46","23.9","45 m -  100 m","0"
"(2024 DY)","2024-Feb-18 15:28 ± < 00:01","0.00115","0.00115","11.82","11.62","29.0","4.2 m -  9.3 m","0"
"(2016 CA138)","2024-Feb-18 16:44 ± < 00:01","0.06447","0.06447","14.35","14.34","23.3","58 m -  130 m","0"
"(2024 EU2)","2024-Feb-18 18:17 ±    01:26","0.03333","0.03251","12.63","12.62","24.8","29 m -   65 m","0"
"(2024 EY2)","2024-Feb-18 19:58 ± < 00:01","0.07295","0.07284","23.33","23.33","22.0","110 m -  240 m","0"
"(2024 CH2)","2024-Feb-18 23:23 ± < 00:01","0.01458","0.01453","9.59","9.57","26.0","17 m -   37 m","0"
"(2024 DN1)","2024-Feb-19 04:34 ±    00:15","0.09850","0.09653","15.04","15.04","24.5","34 m -   76 m","0"
"(2024 FE4)","2024-Feb-19 05:39 ±    00:01","0.08954","0.08950","6.02","6.01","24.6","32 m -   71 m","0"
"(2024 EU1)","2024-Feb-19 06:04 ±    00:01","0.06888","0.06885","2.92","2.91","25.1","25 m -   56 m","0"
"(2024 CJ6)","2024-Feb-19 14:31 ± < 00:01","0.01177","0.01174","15.40","15.39","26.5","13 m -   30 m","0"
"(2024 DC)","2024-Feb-19 19:49 ± < 00:01","0.03201","0.03179","9.25","9.24","26.7","12 m -   27 m","0"
"(2018 CW2)","2024-Feb-20 03:25 ± < 00:01","0.06533","0.06533","12.66","12.66","25.7","20 m -   44 m","0"
"(2024 ET)","2024-Feb-20 07:33 ± < 00:01","0.05510","0.05477","7.95","7.94","25.4","22 m -   49 m","0"
"(2020 CX1)","2024-Feb-20 09:40 ± < 00:01","0.07809","0.07809","7.26","7.25","24.1","40 m -   89 m","0"
"(2024 DL1)","2024-Feb-20 14:22 ±    00:02","0.01654","0.01645","10.14","10.12","27.3","9.4 m -   21 m","0"
"(2024 CB4)","2024-Feb-20 15:38 ± < 00:01","0.06031","0.05995","10.49","10.49","24.5","34 m -   76 m","0"
"(2024 CK5)","2024-Feb-20 18:45 ±    00:07","0.01873","0.01862","9.51","9.50","27.5","8.4 m -   19 m","0"
"(2022 EJ1)","2024-Feb-21 01:26 ± < 00:01","0.06445","0.06445","12.41","12.41","23.5","52 m -  120 m","0"
"(2024 DM1)","2024-Feb-21 05:15 ±    00:01","0.02234","0.02223","7.48","7.47","27.1","10 m -   23 m","0"
"(2024 EV)","2024-Feb-21 13:09 ±    00:05","0.01247","0.01238","13.04","13.03","26.6","13 m -   28 m","0"
"(2024 CL5)","2024-Feb-21 15:19 ± < 00:01","0.01221","0.01214","13.97","13.95","26.1","16 m -   36 m","0"
"(2022 QB8)","2024-Feb-21 21:32 ±    10:09","0.06601","0.05895","10.53","10.53","25.9","18 m -   40 m","0"
"(2024 EJ)","2024-Feb-22 06:28 ±    00:02","0.02022","0.02013","10.78","10.76","25.6","21 m -   46 m","0"
"(2024 CE8)","2024-Feb-22 08:55 ± < 00:01","0.02706","0.02689","18.84","18.83","25.5","22 m -   48 m","0"
"(2024 EC)","2024-Feb-22 09:05 ± < 00:01","0.03018","0.03012","12.33","12.33","24.1","41 m -   91 m","0"
"(2024 DX)","2024-Feb-22 14:16 ± < 00:01","0.00518","0.00518","10.41","10.36","27.3","9.3 m -   21 m","0"
"(2024 EE3)","2024-Feb-22 15:01 ±    00:19","0.09529","0.09392","19.32","19.32","23.5","54 m -  120 m","0"
"(2024 EC2)","2024-Feb-22 18:39 ± < 00:01","0.01471","0.01469","13.09","13.07","25.2","25 m -   55 m","0"
"(2024 DJ1)","2024-Feb-22 18:50 ±    00:01","0.03209","0.03191","13.46","13.46","25.1","26 m -   57 m","0"
"(2021 SG1)","2024-Feb-22 23:12 ± 1_22:15","0.09147","0.09130","7.94","7.94","25.6","21 m -   46 m","0"
"(2020 DF)","2024-Feb-22 23:22 ± 6_16:42","0.07261","0.04321","8.48","8.47","26.2","15 m -   35 m","0"
"(2014 OW3)","2024-Feb-23 02:47 ± < 00:01","0.08065","0.08065","22.85","22.85","22.5","85 m -  190 m","0"
"(2024 BY15)","2024-Feb-23 08:57 ± < 00:01","0.03085","0.03083","1.58","1.53","26.7","12 m -   27 m","0"
"(2024 FC)","2024-Feb-23 09:37 ±    00:06","0.05365","0.05353","6.01","6.00","25.5","21 m -   47 m","0"
"(2024 CL3)","2024-Feb-23 12:31 ± < 00:01","0.02378","0.02371","4.17","4.14","26.3","14 m -   32 m","0"
"674590 (2015 RH2)","2024-Feb-23 22:44 ± < 00:01","0.09825","0.09825","9.67","9.67","22.0","110 m -  240 m","0"
"(2016 DF)","2024-Feb-24 05:36 ± 2_12:15","0.06883","0.04638","3.10","3.08","27.1","10 m -   23 m","0"
"(2024 EX)","2024-Feb-26 00:46 ±    00:10","0.00810","0.00809","8.04","8.00","27.7","7.8 m -   17 m","0"
"(2023 EF)","2024-Feb-26 06:44 ±    00:02","0.08291","0.08290","4.08","4.07","26.2","15 m -   35 m","0"
"(2024 DF1)","2024-Feb-26 12:32 ±    00:20","0.09400","0.09293","10.22","10.21","24.6","32 m -   72 m","0"
"(2024 EL)","2024-Feb-27 06:36 ± < 00:01","0.03050","0.03024","10.27","10.27","25.2","24 m -   54 m","0"
"(2024 CW7)","2024-Feb-27 12:46 ±    00:59","0.05518","0.05391","16.47","16.46","23.9","44 m -   98 m","0"
"(2024 EX1)","2024-Feb-27 17:38 ± < 00:01","0.01337","0.01328","16.29","16.28","25.9","18 m -   40 m","0"
"(2024 FB)","2024-Feb-27 18:25 ±    00:04","0.05179","0.05153","7.47","7.46","25.8","18 m -   41 m","0"
"(2024 CT7)","2024-Feb-27 23:37 ± < 00:01","0.01584","0.01581","7.71","7.69","26.7","12 m -   27 m","0"
"(2020 DW)","2024-Feb-27 23:50 ±    00:50","0.07745","0.07540","6.24","6.23","30.4","2.2 m -  4.9 m","0"
"(2024 CC7)","2024-Feb-28 11:08 ±    00:04","0.03937","0.03918","6.00","5.98","26.4","14 m -   32 m","0"
"(2024 CE7)","2024-Feb-28 16:23 ±    00:05","0.03473","0.03442","19.35","19.34","24.8","30 m -   66 m","0"
"(2024 DL)","2024-Feb-29 02:34 ± < 00:01","0.01167","0.01166","6.73","6.69","26.0","16 m -   37 m","0"
"(2024 EE)","2024-Feb-29 10:07 ± < 00:01","0.02400","0.02394","8.35","8.34","24.7","30 m -   68 m","0"
"(2024 FE1)","2024-Mar-01 02:53 ±    02:02","0.04058","0.04015","6.01","6.00","26.1","16 m -   35 m","0"
"(2024 ES1)","2024-Mar-01 09:09 ± < 00:01","0.01764","0.01753","7.43","7.41","26.4","14 m -   31 m","0"
"(2024 FH1)","2024-Mar-01 16:00 ±    00:03","0.03829","0.03818","4.49","4.48","25.7","19 m -   43 m","0"
"(2023 FW13)","2024-Mar-01 16:09 ± < 00:01","0.06552","0.06552","3.57","3.56","26.0","17 m -   37 m","0"
"(2024 EB)","2024-Mar-01 20:41 ± < 00:01","0.01588","0.01585","6.35","6.33","26.0","17 m -   38 m","0"
"(2024 EW1)","2024-Mar-02 12:33 ±    00:11","0.05408","0.05375","4.12","4.11","26.8","12 m -   26 m","0"
"(2024 ES)","2024-Mar-02 13:34 ±    00:01","0.09151","0.09141","6.15","6.15","25.1","26 m -   58 m","0"
"(2024 CX6)","2024-Mar-02 16:22 ±    00:02","0.07870","0.07782","16.72","16.72","23.7","49 m -  110 m","0"
"(2024 DF)","2024-Mar-02 17:52 ±    00:01","0.05770","0.05678","10.64","10.64","24.4","36 m -   80 m","0"
"(2024 EH2)","2024-Mar-03 14:00 ± < 00:01","0.01166","0.01162","12.21","12.19","26.4","14 m -   31 m","0"
"(2020 VA4)","2024-Mar-03 15:30 ± < 00:01","0.09906","0.09906","3.30","3.29","27.4","8.7 m -   19 m","0"
"(2024 ES2)","2024-Mar-03 18:37 ± < 00:01","0.02336","0.02318","10.57","10.56","26.4","14 m -   31 m","0"
"(2024 ED)","2024-Mar-03 20:00 ± < 00:01","0.02390","0.02386","17.92","17.91","25.2","24 m -   55 m","0"
"(2019 DA1)","2024-Mar-03 20:07 ± 8_07:14","0.03748","0.00081","13.38","13.38","26.0","17 m -   38 m","0"
"(2024 DE1)","2024-Mar-03 20:21 ±    00:01","0.09278","0.09214","10.63","10.62","24.7","31 m -   68 m","0"
"(2024 RB6)","2024-Mar-04 02:02 ±    00:05","0.05172","0.05088","7.57","7.56","27.7","7.6 m -   17 m","0"
"(2022 GM)","2024-Mar-04 02:08 ± 4_18:14","0.05617","0.05180","6.45","6.44","28.4","5.6 m -   13 m","0"
"(2024 CW6)","2024-Mar-04 08:20 ±    00:02","0.02553","0.02546","2.50","2.46","27.6","8.1 m -   18 m","0"
"(2024 EM2)","2024-Mar-04 09:22 ± < 00:01","0.00981","0.00977","11.35","11.33","26.9","11 m -   24 m","0"
"(2024 CK8)","2024-Mar-04 10:18 ± < 00:01","0.01777","0.01776","4.83","4.80","25.3","23 m -   52 m","0"
"(2024 EN2)","2024-Mar-04 15:49 ± < 00:01","0.00509","0.00505","17.92","17.90","26.5","13 m -   29 m","0"
"(2024 EZ)","2024-Mar-04 17:54 ± < 00:01","0.02076","0.02074","8.63","8.62","24.3","36 m -   81 m","0"
"(2024 EW3)","2024-Mar-05 21:12 ±    00:04","0.00701","0.00699","3.37","3.26","28.4","5.5 m -   12 m","0"
"(2024 EM3)","2024-Mar-05 22:58 ±    00:03","0.01943","0.01929","8.97","8.95","26.4","14 m -   31 m","0"
"(2024 FH)","2024-Mar-06 02:25 ±    00:45","0.05907","0.05824","19.93","19.92","23.7","48 m -  110 m","0"
"(2024 EC1)","2024-Mar-06 21:18 ± < 00:01","0.07953","0.07876","19.12","19.12","23.4","56 m -  130 m","0"
"(2024 EH)","2024-Mar-07 01:56 ± < 00:01","0.00338","0.00338","9.49","9.41","27.2","9.7 m -   22 m","0"
"(2024 EH4)","2024-Mar-07 09:49 ± < 00:01","0.08482","0.08385","18.61","18.61","23.8","46 m -  100 m","0"
"(2024 ET3)","2024-Mar-07 17:16 ±    00:04","0.00538","0.00534","8.06","8.00","28.4","5.6 m -   12 m","0"
"(2021 EY1)","2024-Mar-07 21:40 ±    16:46","0.09027","0.07064","17.46","17.46","26.7","12 m -   27 m","0"
"(2024 ET1)","2024-Mar-08 03:54 ± < 00:01","0.00646","0.00645","12.01","11.97","28.5","5.2 m -   12 m","0"
"(2024 DW1)","2024-Mar-08 05:44 ± < 00:01","0.02694","0.02692","19.87","19.87","23.9","45 m -  100 m","0"
"(2024 EY1)","2024-Mar-08 13:57 ± < 00:01","0.01539","0.01536","7.66","7.64","28.3","5.8 m -   13 m","0"
"(2024 EZ1)","2024-Mar-08 17:04 ± < 00:01","0.01731","0.01726","6.29","6.26","26.9","11 m -   24 m","0"
"(2024 EO)","2024-Mar-09 01:06 ± < 00:01","0.00926","0.00923","19.17","19.16","26.4","14 m -   32 m","0"
"(2024 EG)","2024-Mar-09 09:02 ± < 00:01","0.02155","0.02144","19.20","19.19","24.5","33 m -   73 m","0"
"(2024 EB3)","2024-Mar-09 12:07 ± < 00:01","0.03186","0.03173","17.74","17.73","24.5","33 m -   73 m","0"
"(2024 EQ1)","2024-Mar-09 12:07 ± < 00:01","0.01684","0.01680","17.14","17.13","25.1","25 m -   56 m","0"
"(2008 EM)","2024-Mar-09 12:23 ± < 00:01","0.09312","0.09312","13.80","13.80","24.7","31 m -   70 m","0"
"(2024 ES3)","2024-Mar-09 14:31 ± < 00:01","0.05843","0.05829","7.61","7.61","24.8","29 m -   65 m","0"
"(2024 CL2)","2024-Mar-09 20:09 ± < 00:01","0.05269","0.05254","6.78","6.77","23.9","44 m -   99 m","0"
"(2024 FQ2)","2024-Mar-10 04:56 ±    00:01","0.05284","0.05257","12.04","12.03","25.7","19 m -   43 m","0"
"(2024 FQ1)","2024-Mar-10 12:52 ±    00:18","0.04079","0.04003","14.15","14.14","25.2","24 m -   55 m","0"
"(2024 EJ3)","2024-Mar-10 14:15 ± < 00:01","0.00662","0.00660","13.79","13.76","26.8","12 m -   26 m","0"
"(2024 FC1)","2024-Mar-10 14:58 ± < 00:01","0.00223","0.00223","5.72","5.51","27.7","7.8 m -   17 m","0"
"(2024 EA2)","2024-Mar-10 15:04 ± < 00:01","0.01420","0.01410","11.01","10.99","27.5","8.5 m -   19 m","0"
"(2024 FR2)","2024-Mar-10 16:37 ±    00:41","0.02964","0.02929","4.80","4.78","26.0","16 m -   37 m","0"
"(2024 FZ2)","2024-Mar-10 17:35 ±    00:07","0.04837","0.04788","11.49","11.49","22.4","87 m -  200 m","0"
"(2024 EE2)","2024-Mar-10 21:15 ± < 00:01","0.03557","0.03516","18.70","18.69","24.9","28 m -   62 m","0"
"(2024 FP1)","2024-Mar-11 03:13 ± < 00:01","0.05290","0.05276","6.02","6.01","25.2","24 m -   54 m","0"
"(2024 CU6)","2024-Mar-11 03:50 ±    00:03","0.05440","0.05385","4.15","4.14","26.3","15 m -   33 m","0"
"(2024 ER3)","2024-Mar-11 04:18 ± < 00:01","0.03122","0.03099","15.71","15.70","25.6","21 m -   46 m","0"
"(2024 DA1)","2024-Mar-11 07:38 ± < 00:01","0.02404","0.02401","9.95","9.93","24.6","33 m -   73 m","0"
"(2024 EN4)","2024-Mar-11 12:53 ±    00:01","0.08658","0.08570","12.72","12.72","24.5","34 m -   76 m","0"
"(2005 EO30)","2024-Mar-11 14:14 ± < 00:01","0.06137","0.06137","7.69","7.69","23.0","66 m -  150 m","0"
"(2024 EX3)","2024-Mar-11 16:55 ± < 00:01","0.00785","0.00784","5.17","5.11","28.1","6.2 m -   14 m","0"
"(2024 FM)","2024-Mar-11 18:51 ±    00:34","0.01104","0.01092","8.68","8.65","27.8","7.3 m -   16 m","0"
"(2018 GY)","2024-Mar-12 01:11 ± < 00:01","0.09966","0.09966","12.81","12.81","24.8","29 m -   64 m","0"
"673675 (2015 FM34)","2024-Mar-12 02:35 ± < 00:01","0.04963","0.04963","11.07","11.06","22.5","84 m -  190 m","0"
"(2024 EG4)","2024-Mar-12 06:59 ± < 00:01","0.02233","0.02229","12.73","12.72","24.7","31 m -   69 m","0"
"(2024 FM3)","2024-Mar-12 21:46 ±    00:01","0.07593","0.07585","10.31","10.30","22.6","81 m -  180 m","0"
"(2024 EC3)","2024-Mar-13 07:22 ± < 00:01","0.00588","0.00587","7.22","7.16","28.6","5.0 m -   11 m","0"
"(2024 EL1)","2024-Mar-13 13:10 ± < 00:01","0.02179","0.02173","7.88","7.86","26.5","13 m -   30 m","0"
"(2024 FO)","2024-Mar-14 05:49 ±    00:01","0.01410","0.01403","11.48","11.46","25.5","21 m -   47 m","0"
"(2024 EH3)","2024-Mar-14 16:16 ± < 00:01","0.01668","0.01666","10.15","10.13","25.5","21 m -   47 m","0"
"(2024 EK3)","2024-Mar-15 03:15 ± < 00:01","0.00416","0.00415","6.84","6.75","28.9","4.3 m -  9.6 m","0"
"(2020 FU)","2024-Mar-15 21:29 ± 2_19:21","0.03809","0.03118","15.49","15.48","26.4","14 m -   31 m","0"
"(2024 EK4)","2024-Mar-16 00:35 ±    00:04","0.02688","0.02679","4.34","4.31","27.7","7.6 m -   17 m","0"
"(2024 CJ8)","2024-Mar-16 01:25 ± < 00:01","0.04417","0.04399","12.07","12.06","23.3","58 m -  130 m","0"
"(2024 FV1)","2024-Mar-16 02:10 ± < 00:01","0.00520","0.00516","14.38","14.35","27.6","8.0 m -   18 m","0"
"(2024 EQ)","2024-Mar-16 06:31 ± < 00:01","0.01774","0.01769","10.69","10.67","26.0","17 m -   37 m","0"
"(2024 FV)","2024-Mar-16 08:11 ±    00:02","0.04996","0.04970","6.84","6.83","25.7","19 m -   43 m","0"
"(2024 EK)","2024-Mar-16 15:29 ± < 00:01","0.01786","0.01782","7.61","7.59","26.8","12 m -   26 m","0"
"(2024 EX2)","2024-Mar-16 16:03 ± < 00:01","0.01495","0.01491","6.15","6.13","26.4","14 m -   32 m","0"
"(2024 FD)","2024-Mar-16 21:54 ± < 00:01","0.00528","0.00527","10.22","10.17","27.1","10 m -   23 m","0"
"(2004 FK2)","2024-Mar-17 23:18 ± < 00:01","0.06163","0.06162","7.64","7.64","24.3","36 m -   81 m","0"
"(2024 FW1)","2024-Mar-17 23:22 ± < 00:01","0.01029","0.01027","4.99","4.94","28.3","5.8 m -   13 m","0"
"(2024 EP3)","2024-Mar-17 23:30 ± < 00:01","0.02829","0.02819","8.95","8.93","24.7","30 m -   67 m","0"
"(2024 FJ1)","2024-Mar-18 02:29 ±    00:18","0.08090","0.07832","13.13","13.13","25.5","21 m -   47 m","0"
"(2024 FR4)","2024-Mar-18 03:25 ±    00:08","0.03525","0.03500","11.00","11.00","25.9","18 m -   40 m","0"
"(2024 EW)","2024-Mar-18 08:05 ± < 00:01","0.08315","0.08315","2.13","2.12","25.6","20 m -   45 m","0"
"(2024 ED3)","2024-Mar-18 08:37 ± < 00:01","0.00899","0.00899","9.95","9.92","25.3","23 m -   51 m","0"
"(2024 EN3)","2024-Mar-18 12:51 ± < 00:01","0.01431","0.01428","6.35","6.32","26.8","11 m -   26 m","0"
"(2024 FX2)","2024-Mar-18 13:08 ± < 00:01","0.08329","0.08320","8.82","8.82","23.4","57 m -  130 m","0"
"(2024 FS4)","2024-Mar-18 13:24 ±    00:03","0.04659","0.04629","9.29","9.29","25.8","18 m -   41 m","0"
"(2020 FD)","2024-Mar-18 19:11 ±    16:34","0.01162","0.00009","15.08","15.07","27.7","7.8 m -   17 m","0"
"(2024 FY1)","2024-Mar-19 13:18 ± < 00:01","0.00524","0.00523","10.31","10.26","26.4","14 m -   32 m","0"
"(2024 FO1)","2024-Mar-20 01:19 ± < 00:01","0.01535","0.01531","14.81","14.80","26.6","12 m -   28 m","0"
"(2024 GC)","2024-Mar-20 01:34 ±    00:01","0.07717","0.07695","6.64","6.63","24.9","28 m -   62 m","0"
"(2024 EQ3)","2024-Mar-20 05:35 ±    00:05","0.03080","0.03047","10.82","10.81","27.0","11 m -   24 m","0"
"(2024 EZ3)","2024-Mar-20 14:44 ± < 00:01","0.02968","0.02961","5.84","5.83","25.8","18 m -   41 m","0"
"(2024 EY3)","2024-Mar-20 18:51 ± < 00:01","0.03059","0.03043","11.62","11.61","24.6","33 m -   73 m","0"
"(2024 FD1)","2024-Mar-20 20:00 ± < 00:01","0.00732","0.00730","5.08","5.01","29.4","3.5 m -  7.8 m","0"
"(2024 FC4)","2024-Mar-21 03:27 ±    00:08","0.01283","0.01273","10.90","10.88","25.1","26 m -   57 m","0"
"(2024 GS)","2024-Mar-21 05:22 ±    00:04","0.03040","0.03006","9.36","9.35","26.6","12 m -   28 m","0"
"(2024 CZ7)","2024-Mar-21 17:32 ± < 00:01","0.08735","0.08730","5.09","5.09","23.0","66 m -  150 m","0"
"(2024 FN2)","2024-Mar-21 20:46 ±    00:05","0.02539","0.02521","6.91","6.89","25.8","18 m -   41 m","0"
"(2023 RK44)","2024-Mar-22 05:17 ± < 00:01","0.08412","0.08411","3.74","3.73","23.7","49 m -  110 m","0"
"(2024 FD5)","2024-Mar-22 13:26 ±    00:09","0.01668","0.01656","17.92","17.91","25.8","18 m -   41 m","0"
"(2004 FH)","2024-Mar-22 14:16 ± < 00:01","0.09301","0.09300","9.96","9.95","26.4","14 m -   31 m","0"
"(2024 FS5)","2024-Mar-22 16:09 ±    00:03","0.03898","0.03867","25.03","25.02","24.8","30 m -   67 m","0"
"(2024 FK1)","2024-Mar-22 17:32 ± < 00:01","0.00688","0.00687","7.51","7.45","26.1","16 m -   35 m","0"
"(2024 EL4)","2024-Mar-23 20:42 ± < 00:01","0.03774","0.03771","11.80","11.80","24.8","29 m -   64 m","0"
"(2017 UQ7)","2024-Mar-23 23:14 ± 1_18:05","0.07111","0.07021","13.70","13.70","25.3","24 m -   53 m","0"
"(2017 FV101)","2024-Mar-24 05:17 ± 8_07:30","0.07114","0.04412","16.12","16.12","25.1","25 m -   57 m","0"
"(2019 EU1)","2024-Mar-24 12:37 ± 9_00:27","0.06379","0.02576","8.16","8.16","25.6","20 m -   45 m","0"
"(2024 EC4)","2024-Mar-24 15:47 ±    00:10","0.04979","0.04925","4.03","4.02","25.7","19 m -   43 m","0"
"(2024 GO6)","2024-Mar-24 22:09 ±    00:08","0.06089","0.06022","6.92","6.92","24.3","36 m -   81 m","0"
"(2019 CJ)","2024-Mar-24 22:47 ± < 00:01","0.03191","0.03191","4.36","4.34","25.3","23 m -   51 m","0"
"(2005 TU50)","2024-Mar-25 01:15 ± < 00:01","0.07216","0.07216","20.94","20.93","21.5","140 m -  300 m","0"
"(2024 FH5)","2024-Mar-25 01:39 ±    00:03","0.06851","0.06804","9.54","9.54","25.1","26 m -   57 m","0"
"(2024 FH4)","2024-Mar-25 02:18 ± < 00:01","0.03843","0.03825","13.19","13.18","25.8","18 m -   40 m","0"
"(2021 CF6)","2024-Mar-25 07:06 ± < 00:01","0.03729","0.03729","8.30","8.29","23.8","46 m -  100 m","0"
"(2010 TW54)","2024-Mar-26 11:53 ±    22:03","0.07857","0.05841","10.05","10.05","27.6","8.0 m -   18 m","0"
"(2024 FA3)","2024-Mar-26 14:29 ± < 00:01","0.02387","0.02380","6.63","6.62","26.2","16 m -   35 m","0"
"(2023 HM4)","2024-Mar-26 15:01 ±    00:02","0.09053","0.09052","3.56","3.55","27.7","7.7 m -   17 m","0"
"(2024 EA3)","2024-Mar-27 08:16 ± < 00:01","0.02099","0.02097","10.76","10.75","24.4","35 m -   79 m","0"
"(2024 GP)","2024-Mar-27 13:22 ± < 00:01","0.04130","0.04121","12.31","12.30","23.3","57 m -  130 m","0"
"(2024 GL1)","2024-Mar-27 18:14 ± < 00:01","0.03692","0.03686","5.11","5.10","25.5","21 m -   48 m","0"
"(2024 EO4)","2024-Mar-27 18:20 ±    00:02","0.03363","0.03312","14.95","14.94","24.8","29 m -   66 m","0"
"(2024 EO3)","2024-Mar-28 06:46 ± < 00:01","0.02573","0.02566","11.43","11.43","24.8","29 m -   65 m","0"
"(2024 FN1)","2024-Mar-28 09:35 ± < 00:01","0.04106","0.04089","6.60","6.59","26.1","16 m -   36 m","0"
"(2024 FK5)","2024-Mar-28 13:47 ± < 00:01","0.01073","0.01071","9.29","9.26","27.3","9.3 m -   21 m","0"
"(2024 ES4)","2024-Mar-28 18:36 ± < 00:01","0.04545","0.04543","5.13","5.12","25.8","18 m -   41 m","0"
"(2010 GD35)","2024-Mar-28 20:36 ± < 00:01","0.05904","0.05903","13.13","13.13","24.6","32 m -   71 m","0"
"(2024 FB1)","2024-Mar-29 02:46 ± < 00:01","0.01944","0.01935","13.17","13.16","25.2","24 m -   53 m","0"
"(2024 GB1)","2024-Mar-29 03:06 ±    01:58","0.07689","0.07518","4.34","4.33","26.6","12 m -   28 m","0"
"(2024 JA7)","2024-Mar-29 03:35 ±    03:00","0.04721","0.04667","4.33","4.32","25.8","19 m -   42 m","0"
"(2024 GH)","2024-Mar-29 07:13 ± < 00:01","0.03662","0.03650","9.68","9.67","26.2","16 m -   35 m","0"
"(2024 ED4)","2024-Mar-29 20:03 ±    00:02","0.03720","0.03683","7.81","7.80","26.4","14 m -   31 m","0"
"(2023 RO49)","2024-Mar-29 21:05 ± < 00:01","0.03622","0.03622","4.29","4.28","24.4","35 m -   78 m","0"
"(2015 MB54)","2024-Mar-30 01:59 ± < 00:01","0.02985","0.02985","3.83","3.81","24.0","42 m -   95 m","0"
"(2024 GC1)","2024-Mar-30 05:20 ±    00:15","0.09689","0.09438","13.44","13.43","25.0","27 m -   59 m","0"
"(2020 DC)","2024-Mar-30 09:23 ± < 00:01","0.06600","0.06600","6.90","6.89","26.7","12 m -   27 m","0"
"(2024 DQ)","2024-Mar-30 17:00 ±    00:01","0.01645","0.01640","2.88","2.82","24.9","28 m -   63 m","0"
"(2023 UA9)","2024-Mar-31 06:30 ± < 00:01","0.08919","0.08919","2.35","2.33","25.0","26 m -   59 m","0"
"(2024 GZ1)","2024-Mar-31 07:35 ±    00:01","0.02587","0.02549","12.10","12.09","26.9","11 m -   25 m","0"
"(2024 GL)","2024-Mar-31 14:21 ± < 00:01","0.01217","0.01213","16.97","16.95","24.9","28 m -   62 m","0"
"(2024 FQ5)","2024-Mar-31 15:32 ± < 00:01","0.00022","0.00022","8.58","7.01","31.0","1.7 m -  3.8 m","0"
"(2024 GY3)","2024-Apr-01 05:19 ± < 00:01","0.03490","0.03489","29.20","29.20","23.8","46 m -  100 m","0"
"(2024 RA16)","2024-Apr-01 09:32 ±    04:05","0.05346","0.05335","0.60","0.52","28.8","4.5 m -   10 m","0"
"(2024 FQ3)","2024-Apr-01 16:23 ± < 00:01","0.00482","0.00481","19.27","19.24","27.4","9.0 m -   20 m","0"
"(2021 GN1)","2024-Apr-01 18:43 ±    11:56","0.05792","0.03730","14.02","14.02","26.4","14 m -   31 m","0"
"(2024 FL)","2024-Apr-01 21:38 ± < 00:01","0.05292","0.05253","6.68","6.67","26.3","15 m -   33 m","0"
"(2024 FJ)","2024-Apr-01 22:43 ± < 00:01","0.07364","0.07357","7.73","7.72","25.2","25 m -   55 m","0"
"(2024 ED1)","2024-Apr-02 01:35 ± < 00:01","0.09818","0.09816","5.62","5.61","23.8","47 m -  110 m","0"
"(2024 GD3)","2024-Apr-02 07:50 ±    00:11","0.01578","0.01548","12.01","12.00","26.1","16 m -   36 m","0"
"(2024 GS2)","2024-Apr-02 12:21 ±    00:02","0.09295","0.09253","10.78","10.78","23.9","45 m -  100 m","0"
"(2024 GP2)","2024-Apr-02 13:12 ±    00:10","0.00905","0.00898","13.94","13.92","26.3","14 m -   32 m","0"
"(2024 GR)","2024-Apr-02 14:13 ±    00:02","0.02279","0.02271","2.68","2.63","27.8","7.5 m -   17 m","0"
"(2024 CZ11)","2024-Apr-02 14:16 ± < 00:01","0.05823","0.05821","10.78","10.78","23.3","58 m -  130 m","0"
"(2024 FN3)","2024-Apr-02 18:46 ± < 00:01","0.04538","0.04524","7.16","7.15","25.4","23 m -   51 m","0"
"(2024 FG3)","2024-Apr-02 19:09 ± < 00:01","0.02093","0.02081","15.11","15.10","25.1","25 m -   56 m","0"
"(2024 FR3)","2024-Apr-02 23:17 ± < 00:01","0.00886","0.00885","10.67","10.64","25.7","19 m -   43 m","0"
"(2024 FL3)","2024-Apr-03 16:53 ± < 00:01","0.02189","0.02186","9.60","9.59","25.2","24 m -   55 m","0"
"678964 (2018 CC14)","2024-Apr-03 17:12 ± < 00:01","0.05030","0.05030","8.89","8.89","22.4","86 m -  190 m","0"
"(2023 GC2)","2024-Apr-04 00:27 ± < 00:01","0.02206","0.02206","5.66","5.64","27.3","9.1 m -   20 m","0"
"(2020 FW5)","2024-Apr-04 11:15 ± < 00:01","0.07818","0.07818","11.89","11.88","25.7","19 m -   43 m","0"
"(2021 FD1)","2024-Apr-04 12:45 ± < 00:01","0.00600","0.00600","8.85","8.80","26.6","13 m -   28 m","0"
"(2024 HC)","2024-Apr-04 16:10 ±    00:02","0.01938","0.01936","1.60","1.51","27.4","8.7 m -   19 m","0"
"(2024 GH1)","2024-Apr-04 21:53 ±    00:03","0.00863","0.00861","8.90","8.86","28.2","6.0 m -   13 m","0"
"(2024 HQ2)","2024-Apr-04 22:57 ±    03:40","0.09678","0.09286","16.82","16.82","23.1","62 m -  140 m","0"
"(2024 GM5)","2024-Apr-05 07:38 ± < 00:01","0.01211","0.01207","4.98","4.94","27.8","7.3 m -   16 m","0"
"(2023 TV9)","2024-Apr-05 08:36 ± < 00:01","0.09516","0.09516","8.15","8.14","24.7","30 m -   68 m","0"
"(2024 FD4)","2024-Apr-05 12:57 ± < 00:01","0.01440","0.01437","4.11","4.07","27.4","9.0 m -   20 m","0"
"(2024 GO)","2024-Apr-05 17:07 ± < 00:01","0.00558","0.00555","29.46","29.44","26.6","13 m -   29 m","0"
"(2024 GN1)","2024-Apr-05 19:11 ± < 00:01","0.02637","0.02622","13.08","13.07","26.3","15 m -   33 m","0"
"(2024 GF)","2024-Apr-05 20:08 ± < 00:01","0.01143","0.01140","6.15","6.11","27.1","10 m -   23 m","0"
"(2024 GA)","2024-Apr-05 20:55 ± < 00:01","0.01055","0.01054","3.17","3.08","27.6","7.8 m -   18 m","0"
"(2019 FT2)","2024-Apr-05 22:30 ± 8_20:24","0.09095","0.00172","24.21","24.20","26.4","14 m -   31 m","0"
"(2024 GG)","2024-Apr-05 23:00 ±    00:06","0.03851","0.03840","5.62","5.61","26.8","12 m -   26 m","0"
"(2020 VL)","2024-Apr-06 00:51 ± < 00:01","0.07443","0.07442","3.84","3.83","25.1","25 m -   56 m","0"
"(2024 GE5)","2024-Apr-06 09:03 ±    00:51","0.05327","0.05277","7.47","7.47","26.2","15 m -   34 m","0"
"(2024 GP1)","2024-Apr-07 00:27 ± < 00:01","0.08271","0.08263","10.75","10.74","22.8","72 m -  160 m","0"
"(2014 GF1)","2024-Apr-07 01:26 ± < 00:01","0.05137","0.05137","7.84","7.83","25.9","18 m -   40 m","0"
"(2024 GB15)","2024-Apr-07 01:29 ± < 00:01","0.04386","0.04386","0.45","0.28","26.9","11 m -   24 m","0"
"(2024 FG)","2024-Apr-07 06:34 ± < 00:01","0.03163","0.03161","9.80","9.79","24.1","41 m -   92 m","0"
"(2024 GJ1)","2024-Apr-07 07:27 ± < 00:01","0.03499","0.03471","11.19","11.19","25.8","18 m -   40 m","0"
"(2024 GE2)","2024-Apr-07 10:24 ± < 00:01","0.01139","0.01136","4.70","4.65","28.0","6.8 m -   15 m","0"
"(2024 GB)","2024-Apr-07 23:25 ± < 00:01","0.03518","0.03510","8.97","8.96","24.3","38 m -   84 m","0"
"(2024 GS3)","2024-Apr-08 01:20 ± < 00:01","0.02647","0.02640","10.29","10.28","25.3","23 m -   51 m","0"
"(2024 GB4)","2024-Apr-08 08:58 ± < 00:01","0.01081","0.01077","8.16","8.13","25.8","18 m -   41 m","0"
"(2024 GQ)","2024-Apr-08 12:38 ± < 00:01","0.01438","0.01435","9.94","9.92","27.2","9.5 m -   21 m","0"
"(2005 FG)","2024-Apr-08 13:02 ± < 00:01","0.04714","0.04714","5.54","5.53","24.1","41 m -   92 m","0"
"(2024 CO10)","2024-Apr-08 15:33 ± < 00:01","0.06005","0.06005","3.84","3.83","24.0","42 m -   93 m","0"
"(2024 FG1)","2024-Apr-08 18:53 ± < 00:01","0.05659","0.05658","8.94","8.93","23.4","56 m -  130 m","0"
"(2024 FG4)","2024-Apr-08 21:58 ± < 00:01","0.06491","0.06475","8.33","8.32","25.2","24 m -   53 m","0"
"(2024 HU)","2024-Apr-09 02:52 ± < 00:01","0.07612","0.07604","19.10","19.10","23.8","46 m -  100 m","0"
"(2024 GW4)","2024-Apr-09 04:07 ±    00:03","0.00109","0.00109","12.12","11.91","28.9","4.4 m -  9.7 m","0"
"(2024 GV2)","2024-Apr-09 04:17 ± < 00:01","0.00072","0.00072","4.72","3.85","29.2","3.9 m -  8.7 m","0"
"(2024 GQ1)","2024-Apr-09 11:19 ± < 00:01","0.00370","0.00369","13.42","13.36","28.5","5.2 m -   12 m","0"
"(2024 GY4)","2024-Apr-09 12:08 ±    00:03","0.00084","0.00084","9.33","8.99","29.6","3.3 m -  7.3 m","0"
"(2024 GE)","2024-Apr-09 19:29 ±    00:06","0.07073","0.07036","7.74","7.74","25.7","19 m -   42 m","0"
"(2022 OB5)","2024-Apr-09 21:56 ±    04:31","0.06818","0.06818","1.57","1.55","28.9","4.4 m -  9.8 m","0"
"(2024 GX3)","2024-Apr-10 08:27 ± < 00:01","0.00048","0.00048","10.17","9.60","29.7","3.0 m -  6.8 m","0"
"(2024 GJ5)","2024-Apr-10 12:51 ± < 00:01","0.01902","0.01891","8.28","8.26","26.7","12 m -   27 m","0"
"(2024 FZ3)","2024-Apr-10 13:18 ± < 00:01","0.06347","0.06327","8.24","8.23","25.3","23 m -   52 m","0"
"(2024 FL1)","2024-Apr-10 13:39 ± < 00:01","0.08567","0.08559","8.99","8.99","24.3","37 m -   83 m","0"
"(2024 FT2)","2024-Apr-10 14:09 ± < 00:01","0.03016","0.02998","11.86","11.85","25.1","25 m -   56 m","0"
"(2021 PT3)","2024-Apr-10 21:13 ± 5_13:25","0.07474","0.05667","8.06","8.06","25.7","20 m -   44 m","0"
"(2024 GP5)","2024-Apr-11 03:26 ± < 00:01","0.04436","0.04381","19.70","19.70","24.8","29 m -   64 m","0"
"(2024 GY5)","2024-Apr-11 05:48 ± < 00:01","0.00530","0.00528","15.67","15.64","27.9","7.1 m -   16 m","0"
"(2024 GZ)","2024-Apr-11 10:43 ±    00:13","0.05205","0.05168","5.56","5.55","26.5","14 m -   30 m","0"
"(2024 GU3)","2024-Apr-11 20:04 ± < 00:01","0.02469","0.02465","7.68","7.67","25.8","19 m -   41 m","0"
"(2024 GC6)","2024-Apr-11 20:38 ± < 00:01","0.02425","0.02417","12.59","12.58","25.8","19 m -   42 m","0"
"(2024 HV)","2024-Apr-11 21:50 ±    00:03","0.05021","0.04908","16.94","16.93","24.6","33 m -   73 m","0"
"(2024 HN2)","2024-Apr-12 00:47 ±    00:24","0.04775","0.04684","7.21","7.20","24.9","28 m -   63 m","0"
"(2024 GA2)","2024-Apr-12 03:32 ± < 00:01","0.03678","0.03656","13.90","13.90","25.4","22 m -   50 m","0"
"(2021 RJ19)","2024-Apr-12 07:01 ± 9_16:07","0.05026","0.02334","11.44","11.43","25.8","18 m -   41 m","0"
"(2024 FX3)","2024-Apr-12 21:23 ± < 00:01","0.02441","0.02432","11.73","11.72","25.5","21 m -   47 m","0"
"(2021 GQ5)","2024-Apr-13 04:00 ±    05:25","0.02255","0.01879","7.46","7.44","28.5","5.3 m -   12 m","0"
"(2024 GT2)","2024-Apr-13 06:13 ± < 00:01","0.00586","0.00585","6.78","6.71","27.4","8.7 m -   19 m","0"
"(2024 GV3)","2024-Apr-13 11:38 ± < 00:01","0.00341","0.00340","10.93","10.86","28.6","5.0 m -   11 m","0"
"(2009 HD)","2024-Apr-13 15:38 ± < 00:01","0.08025","0.08025","10.02","10.02","22.9","69 m -  150 m","0"
"(2024 FP3)","2024-Apr-13 17:18 ± < 00:01","0.00682","0.00680","6.34","6.28","26.1","16 m -   36 m","0"
"(2024 GE3)","2024-Apr-13 20:54 ± < 00:01","0.02548","0.02531","7.35","7.33","26.1","16 m -   36 m","0"
"(2024 GG6)","2024-Apr-13 22:36 ± < 00:01","0.02253","0.02247","10.51","10.50","25.3","24 m -   53 m","0"
"(2024 GA1)","2024-Apr-14 01:59 ± < 00:01","0.02435","0.02427","18.12","18.11","24.1","40 m -   90 m","0"
"(2024 GN)","2024-Apr-14 04:14 ±    00:01","0.08716","0.08668","9.28","9.28","24.5","33 m -   74 m","0"
"(2024 GB3)","2024-Apr-14 04:30 ± < 00:01","0.05010","0.04963","17.13","17.12","24.5","34 m -   76 m","0"
"(2023 FN13)","2024-Apr-14 10:57 ± < 00:01","0.00851","0.00851","4.90","4.84","27.2","9.6 m -   21 m","0"
"(2022 UO1)","2024-Apr-14 17:02 ± 1_20:56","0.04281","0.02615","14.04","14.04","25.2","24 m -   54 m","0"
"(2024 HB)","2024-Apr-14 17:46 ± < 00:01","0.00348","0.00347","12.12","12.05","28.0","6.7 m -   15 m","0"
"(2024 HG)","2024-Apr-14 19:48 ± < 00:01","0.00270","0.00270","17.32","17.27","27.3","9.3 m -   21 m","0"
"(2024 GB6)","2024-Apr-14 20:29 ± < 00:01","0.01201","0.01199","5.16","5.11","27.3","9.3 m -   21 m","0"
"(2024 EM4)","2024-Apr-14 20:34 ± < 00:01","0.09886","0.09865","10.02","10.01","22.9","69 m -  150 m","0"
"(2024 GW)","2024-Apr-15 00:11 ±    00:08","0.02856","0.02831","8.68","8.67","25.7","19 m -   43 m","0"
"(2024 HE)","2024-Apr-15 03:15 ± < 00:01","0.00558","0.00557","15.36","15.33","27.2","9.5 m -   21 m","0"
"(2023 UN1)","2024-Apr-15 03:57 ± < 00:01","0.06141","0.06141","17.94","17.93","21.7","120 m -  270 m","0"
"(2024 GL2)","2024-Apr-15 05:01 ± < 00:01","0.02799","0.02772","8.63","8.62","27.3","9.3 m -   21 m","0"
"(2024 GC2)","2024-Apr-15 05:20 ± < 00:01","0.07983","0.07891","15.66","15.66","25.1","25 m -   56 m","0"
"(2024 GO1)","2024-Apr-15 05:57 ± < 00:01","0.02166","0.02155","9.06","9.05","27.2","9.5 m -   21 m","0"
"(2024 GZ5)","2024-Apr-15 16:47 ± < 00:01","0.00046","0.00046","5.04","3.71","30.3","2.3 m -  5.2 m","0"
"(2024 FJ4)","2024-Apr-15 17:30 ± < 00:01","0.03646","0.03630","9.51","9.50","25.3","23 m -   52 m","0"
"(2024 HN)","2024-Apr-15 19:09 ±    00:24","0.06397","0.06346","9.32","9.32","24.3","36 m -   81 m","0"
"(2024 GK6)","2024-Apr-16 13:14 ± < 00:01","0.02046","0.02039","8.25","8.24","26.8","12 m -   26 m","0"
"(2018 CH)","2024-Apr-16 17:12 ± 1_12:56","0.05397","0.04008","9.32","9.31","26.4","14 m -   31 m","0"
"(2024 HA)","2024-Apr-16 17:42 ± < 00:01","0.00010","0.00010","19.46","18.10","31.8","1.2 m -  2.6 m","0"
"(2024 GF3)","2024-Apr-16 18:38 ± < 00:01","0.03554","0.03529","12.90","12.89","25.7","19 m -   43 m","0"
"(2024 GM1)","2024-Apr-17 01:52 ± < 00:01","0.00885","0.00885","10.37","10.34","25.6","20 m -   45 m","0"
"(2015 YK)","2024-Apr-17 02:05 ±    18:03","0.07580","0.07514","2.83","2.81","25.9","0.046±0.014 km","0"
"(2014 GJ45)","2024-Apr-17 03:08 ± < 00:01","0.05272","0.05272","14.24","14.23","23.6","50 m -  110 m","0"
"(2024 JJ)","2024-Apr-17 07:12 ±    03:19","0.02510","0.02403","15.38","15.38","25.6","20 m -   45 m","0"
"(2024 HW5)","2024-Apr-17 07:39 ±    00:25","0.03251","0.03219","35.13","35.13","23.4","56 m -  120 m","0"
"(2024 JC2)","2024-Apr-17 07:53 ±    00:07","0.01492","0.01483","4.90","4.87","26.5","14 m -   30 m","0"
"(2024 HO)","2024-Apr-17 13:10 ± < 00:01","0.00116","0.00116","10.17","9.94","28.8","4.6 m -   10 m","0"
"(2024 HZ)","2024-Apr-17 14:11 ± < 00:01","0.00312","0.00311","7.17","7.05","28.7","4.9 m -   11 m","0"
"(2024 GF5)","2024-Apr-17 14:48 ± < 00:01","0.02477","0.02463","7.39","7.37","27.3","9.2 m -   21 m","0"
"(2024 FU1)","2024-Apr-17 16:58 ± < 00:01","0.08907","0.08907","7.15","7.14","24.0","42 m -   94 m","0"
"(2024 HP1)","2024-Apr-18 02:30 ±    00:01","0.04488","0.04455","9.90","9.89","24.4","35 m -   79 m","0"
"(2019 GS1)","2024-Apr-18 02:56 ± < 00:01","0.05620","0.05620","9.41","9.41","24.5","34 m -   76 m","0"
"(2024 FF4)","2024-Apr-18 05:42 ± < 00:01","0.04121","0.04114","13.03","13.03","24.2","38 m -   86 m","0"
"(2024 GJ6)","2024-Apr-18 08:36 ± < 00:01","0.00652","0.00650","8.12","8.07","28.0","6.6 m -   15 m","0"
"(2007 GQ3)","2024-Apr-18 14:21 ± < 00:01","0.08532","0.08532","11.34","11.34","22.0","100 m -  230 m","0"
"(2024 GA6)","2024-Apr-18 16:37 ± < 00:01","0.00689","0.00688","7.07","7.01","27.4","8.7 m -   19 m","0"
"(2024 GV)","2024-Apr-18 17:49 ± < 00:01","0.06766","0.06714","9.60","9.59","24.2","39 m -   87 m","0"
"(2023 RA4)","2024-Apr-18 21:14 ± < 00:01","0.08854","0.08854","3.54","3.53","24.7","31 m -   69 m","0"
"(2024 GL5)","2024-Apr-18 21:21 ± < 00:01","0.04288","0.04262","11.72","11.72","25.7","19 m -   43 m","0"
"(2023 HU3)","2024-Apr-18 21:57 ± < 00:01","0.03934","0.03934","19.14","19.14","25.0","26 m -   59 m","0"
"(2024 GD1)","2024-Apr-18 23:28 ±    00:01","0.07508","0.07369","10.44","10.44","24.8","30 m -   67 m","0"
"(2024 FU4)","2024-Apr-19 03:40 ± < 00:01","0.04914","0.04909","7.52","7.51","25.5","21 m -   48 m","0"
"(2020 HW6)","2024-Apr-19 05:21 ±    13:46","0.05383","0.05186","6.09","6.08","26.0","17 m -   38 m","0"
"(2024 GP7)","2024-Apr-19 08:14 ± < 00:01","0.01900","0.01894","3.61","3.57","27.6","7.9 m -   18 m","0"
"(2021 JW2)","2024-Apr-19 08:53 ± 2_00:28","0.00417","0.00270","5.09","4.96","27.6","7.9 m -   18 m","0"
"(2024 HQ)","2024-Apr-19 08:54 ± < 00:01","0.00213","0.00213","7.51","7.34","29.4","3.5 m -  7.8 m","0"
"(2017 SA20)","2024-Apr-19 09:48 ± 1_11:12","0.00979","0.00009","6.19","6.15","28.4","5.7 m -   13 m","0"
"(2024 GT3)","2024-Apr-19 10:11 ± < 00:01","0.07650","0.07621","8.12","8.12","24.5","34 m -   76 m","0"
"(2024 FT4)","2024-Apr-19 20:12 ± < 00:01","0.04938","0.04914","5.22","5.21","26.1","16 m -   35 m","0"
"(2024 HL)","2024-Apr-19 23:53 ± < 00:01","0.01240","0.01236","19.66","19.65","26.6","13 m -   29 m","0"
"(2024 GD5)","2024-Apr-20 03:29 ±    00:01","0.03543","0.03526","4.53","4.52","26.9","11 m -   24 m","0"
"(2016 EC157)","2024-Apr-20 04:41 ± < 00:01","0.08397","0.08397","12.96","12.96","23.6","51 m -  110 m","0"
"(2024 GF6)","2024-Apr-20 09:19 ± < 00:01","0.00590","0.00588","8.19","8.14","26.9","11 m -   25 m","0"
"(2024 JM)","2024-Apr-20 12:16 ±    00:11","0.03293","0.03254","13.58","13.58","24.5","33 m -   75 m","0"
"(2024 HR)","2024-Apr-20 20:05 ± < 00:01","0.04892","0.04870","17.70","17.69","24.6","33 m -   73 m","0"
"(2024 HD)","2024-Apr-21 10:44 ± < 00:01","0.01510","0.01507","5.64","5.61","27.0","10 m -   23 m","0"
"(2024 JY6)","2024-Apr-21 12:22 ±    00:08","0.07277","0.07130","15.73","15.73","23.7","48 m -  110 m","0"
"(2024 GM)","2024-Apr-21 16:09 ±    00:01","0.04794","0.04783","10.79","10.78","23.0","67 m -  150 m","0"
"(2024 GE4)","2024-Apr-21 16:59 ±    00:01","0.06506","0.06396","9.66","9.66","24.7","31 m -   69 m","0"
"(2024 GW3)","2024-Apr-21 23:44 ±    00:01","0.05004","0.04940","13.31","13.31","24.8","30 m -   66 m","0"
"(2024 HO1)","2024-Apr-22 12:24 ± < 00:01","0.05767","0.05720","16.74","16.74","23.9","43 m -   96 m","0"
"(2022 HR3)","2024-Apr-22 14:58 ±    00:14","0.08704","0.07816","11.44","11.43","27.3","9.0 m -   20 m","0"
"(2024 JT1)","2024-Apr-23 09:20 ±    00:01","0.03541","0.03520","4.93","4.91","26.3","15 m -   33 m","0"
"(2021 GF10)","2024-Apr-23 10:42 ± 6_10:33","0.06093","0.02402","11.94","11.93","28.2","6.2 m -   14 m","0"
"(2024 HS)","2024-Apr-23 12:43 ±    00:01","0.04980","0.04927","5.71","5.70","26.0","17 m -   38 m","0"
"(2024 GK2)","2024-Apr-23 17:34 ±    00:01","0.06065","0.06017","8.47","8.47","25.9","18 m -   39 m","0"
"(2024 HD2)","2024-Apr-24 20:41 ±    00:01","0.07087","0.06957","6.66","6.66","25.6","20 m -   45 m","0"
"(2021 VH2)","2024-Apr-25 09:03 ± < 00:01","0.02383","0.02383","2.69","2.65","28.8","4.6 m -   10 m","0"
"(2024 JB7)","2024-Apr-25 09:16 ±    00:03","0.02098","0.02075","10.96","10.94","26.1","16 m -   36 m","0"
"(2024 HY1)","2024-Apr-25 09:55 ± < 00:01","0.00300","0.00299","8.56","8.46","27.4","8.6 m -   19 m","0"
"(2024 JN1)","2024-Apr-25 10:32 ±    00:02","0.02867","0.02834","17.94","17.93","24.1","39 m -   88 m","0"
"(2022 HE)","2024-Apr-26 00:50 ± < 00:01","0.06721","0.06721","21.16","21.16","22.2","95 m -  210 m","0"
"(2024 GU2)","2024-Apr-26 01:13 ± < 00:01","0.06989","0.06977","5.93","5.93","25.3","23 m -   51 m","0"
"(2024 HX1)","2024-Apr-26 02:23 ±    00:02","0.01254","0.01237","16.01","16.00","26.6","13 m -   29 m","0"
"(2024 FG5)","2024-Apr-26 02:44 ± < 00:01","0.03211","0.03206","9.06","9.05","25.0","26 m -   58 m","0"
"(2024 HJ)","2024-Apr-26 16:24 ± < 00:01","0.08569","0.08534","26.96","26.96","21.0","170 m -  380 m","0"
"(2024 JA1)","2024-Apr-26 20:16 ± < 00:01","0.09754","0.09678","19.00","19.00","23.3","60 m -  130 m","0"
"(2024 HT)","2024-Apr-26 21:58 ± < 00:01","0.04433","0.04412","9.44","9.43","25.4","22 m -   49 m","0"
"(2024 GR1)","2024-Apr-27 05:19 ± < 00:01","0.05031","0.05026","7.24","7.24","24.1","40 m -   89 m","0"
"(2024 HU1)","2024-Apr-27 06:55 ± < 00:01","0.00545","0.00544","11.01","10.97","26.2","15 m -   34 m","0"
"(2024 HF2)","2024-Apr-27 08:10 ± < 00:01","0.01999","0.01993","8.99","8.98","26.5","13 m -   29 m","0"
"(2024 JH)","2024-Apr-27 10:19 ± < 00:01","0.02952","0.02938","6.56","6.54","25.6","20 m -   44 m","0"
"(2020 TG)","2024-Apr-27 11:32 ±    12:42","0.05721","0.05382","6.77","6.76","25.6","20 m -   45 m","0"
"(2024 HZ1)","2024-Apr-27 11:41 ±    00:03","0.06754","0.06634","6.75","6.74","25.6","20 m -   45 m","0"
"(2024 HG2)","2024-Apr-27 14:04 ±    00:02","0.08171","0.08145","6.89","6.88","24.7","30 m -   67 m","0"
"(2006 HV50)","2024-Apr-27 19:28 ± 5_04:46","0.07219","0.04749","8.99","8.98","23.6","51 m -  110 m","0"
"(2024 HR1)","2024-Apr-28 01:02 ± < 00:01","0.07408","0.07401","10.69","10.69","23.1","65 m -  140 m","0"
"(2024 JV1)","2024-Apr-28 02:26 ±    00:02","0.05755","0.05678","13.98","13.98","25.5","22 m -   48 m","0"
"(2024 HF1)","2024-Apr-28 03:41 ± < 00:01","0.01291","0.01283","10.93","10.91","25.8","19 m -   41 m","0"
"(2024 JZ8)","2024-Apr-28 03:55 ±    00:02","0.01405","0.01401","5.21","5.18","27.4","9.0 m -   20 m","0"
"(2024 GS4)","2024-Apr-28 07:06 ± < 00:01","0.02702","0.02696","12.79","12.78","25.1","25 m -   56 m","0"
"(2024 JP)","2024-Apr-28 09:07 ± < 00:01","0.01703","0.01700","4.18","4.14","27.2","9.8 m -   22 m","0"
"(2024 JS)","2024-Apr-28 09:15 ±    00:01","0.01262","0.01256","10.32","10.30","27.4","8.8 m -   20 m","0"
"(2024 JH1)","2024-Apr-28 14:33 ± < 00:01","0.02808","0.02798","6.58","6.56","26.5","14 m -   30 m","0"
"(2024 JZ1)","2024-Apr-29 07:32 ±    00:05","0.04372","0.04304","6.08","6.07","26.8","12 m -   26 m","0"
"(2001 QJ142)","2024-Apr-29 08:49 ± < 00:01","0.05294","0.05294","2.22","2.19","24.0","43 m -   95 m","0"
"(2024 GK5)","2024-Apr-29 11:11 ± < 00:01","0.03296","0.03286","5.22","5.21","24.8","29 m -   64 m","0"
"(2024 JE1)","2024-Apr-29 15:13 ±    00:02","0.01699","0.01690","12.41","12.39","26.9","11 m -   25 m","0"
"(2024 JF1)","2024-Apr-29 17:19 ±    00:02","0.01832","0.01822","3.71","3.67","27.9","7.0 m -   16 m","0"
"(2021 GD3)","2024-Apr-30 05:31 ± < 00:01","0.02868","0.02868","3.52","3.50","26.9","11 m -   24 m","0"
"(2024 JD2)","2024-Apr-30 11:40 ±    00:08","0.06809","0.06605","10.66","10.66","24.6","32 m -   70 m","0"
"(2024 HQ1)","2024-Apr-30 14:03 ± < 00:01","0.00560","0.00559","5.52","5.43","28.3","5.7 m -   13 m","0"
"(2024 JC)","2024-Apr-30 14:59 ± < 00:01","0.06412","0.06366","16.24","16.23","24.7","31 m -   69 m","0"
"(2024 JT)","2024-Apr-30 17:24 ± < 00:01","0.00738","0.00737","6.55","6.50","28.4","5.7 m -   13 m","0"
"(2024 HZ2)","2024-Apr-30 18:03 ± < 00:01","0.03796","0.03782","13.12","13.11","25.1","25 m -   56 m","0"
"(2024 HX2)","2024-Apr-30 22:08 ±    00:02","0.02836","0.02823","11.76","11.75","26.2","15 m -   34 m","0"
"(2024 JO1)","2024-May-01 01:42 ± < 00:01","0.01027","0.01025","6.25","6.20","27.8","7.4 m -   16 m","0"
"(2024 JD7)","2024-May-01 05:27 ± < 00:01","0.02075","0.02050","19.62","19.61","24.8","30 m -   66 m","0"
"(2020 DY1)","2024-May-01 11:19 ± < 00:01","0.06797","0.06797","9.71","9.70","21.9","110 m -  250 m","0"
"(2024 HK2)","2024-May-01 21:51 ± < 00:01","0.01944","0.01934","18.31","18.30","25.7","19 m -   43 m","0"
"(2021 JD)","2024-May-02 08:42 ± 5_22:22","0.07227","0.03918","3.85","3.84","26.6","13 m -   28 m","0"
"(2024 JH2)","2024-May-02 20:04 ± < 00:01","0.01486","0.01481","13.19","13.18","24.7","31 m -   69 m","0"
"(2024 JS1)","2024-May-03 03:37 ± < 00:01","0.05008","0.04954","7.17","7.16","25.5","21 m -   48 m","0"
"(2024 JH3)","2024-May-03 13:37 ± < 00:01","0.00268","0.00267","9.43","9.32","28.8","4.7 m -   10 m","0"
"(2022 AA5)","2024-May-03 13:55 ± < 00:01","0.03457","0.03457","9.04","9.03","23.6","51 m -  110 m","0"
"(2024 JM3)","2024-May-04 08:08 ± < 00:01","0.05489","0.05465","11.99","11.98","25.1","26 m -   58 m","0"
"(2024 JE)","2024-May-04 15:12 ± < 00:01","0.03540","0.03524","7.75","7.74","24.4","35 m -   78 m","0"
"(2024 GZ2)","2024-May-05 00:23 ± < 00:01","0.08907","0.08897","9.24","9.23","24.2","39 m -   87 m","0"
"(2024 JY)","2024-May-05 07:46 ± < 00:01","0.01217","0.01212","28.86","28.85","25.4","22 m -   50 m","0"
"(2024 HV1)","2024-May-05 08:37 ± < 00:01","0.00862","0.00862","8.82","8.79","26.1","16 m -   35 m","0"
"(2024 JN8)","2024-May-05 18:32 ± < 00:01","0.01492","0.01486","14.50","14.49","26.2","15 m -   34 m","0"
"(2024 HW1)","2024-May-05 18:56 ± < 00:01","0.01274","0.01271","11.03","11.01","26.4","14 m -   32 m","0"
"(2024 HL2)","2024-May-06 08:12 ± < 00:01","0.01943","0.01938","13.40","13.39","25.7","19 m -   42 m","0"
"(2024 JQ)","2024-May-06 11:24 ± < 00:01","0.05633","0.05617","5.55","5.55","25.2","24 m -   54 m","0"
"(2024 HM2)","2024-May-06 14:49 ± < 00:01","0.04444","0.04413","25.03","25.03","24.2","38 m -   86 m","0"
"(2024 HE2)","2024-May-06 20:16 ± < 00:01","0.00806","0.00805","12.07","12.05","26.1","16 m -   36 m","0"
"(2024 JQ2)","2024-May-06 20:37 ±    00:01","0.06389","0.06305","13.35","13.35","24.8","29 m -   66 m","0"
"(2024 JP3)","2024-May-06 21:21 ±    00:02","0.03204","0.03185","6.86","6.85","27.4","8.8 m -   20 m","0"
"(2024 JF)","2024-May-06 21:58 ± < 00:01","0.00318","0.00317","11.69","11.62","28.5","5.4 m -   12 m","0"
"(2024 JR1)","2024-May-07 00:02 ± < 00:01","0.00198","0.00197","13.04","12.94","27.7","7.5 m -   17 m","0"
"(2024 JO2)","2024-May-07 04:13 ± < 00:01","0.00435","0.00434","14.38","14.34","28.0","6.7 m -   15 m","0"
"(2024 JE6)","2024-May-07 17:56 ± < 00:01","0.08193","0.08125","14.40","14.40","25.1","25 m -   56 m","0"
"(2024 JO10)","2024-May-08 05:32 ± < 00:01","0.02099","0.02095","12.43","12.42","25.1","26 m -   57 m","0"
"(2024 JX1)","2024-May-08 06:31 ± < 00:01","0.01282","0.01278","20.05","20.04","26.2","15 m -   34 m","0"
"(2022 KP6)","2024-May-08 06:50 ± 1_07:36","0.09334","0.08210","9.52","9.51","29.4","3.5 m -  7.8 m","0"
"(2024 JD)","2024-May-08 13:31 ± < 00:01","0.00184","0.00184","3.30","2.83","27.6","8.0 m -   18 m","0"
"(2024 JG1)","2024-May-08 14:55 ± < 00:01","0.02683","0.02669","12.31","12.30","25.9","18 m -   40 m","0"
"(2020 HJ6)","2024-May-08 19:30 ±    02:38","0.08306","0.08232","14.12","14.12","26.7","12 m -   27 m","0"
"(2024 JM1)","2024-May-09 04:35 ± < 00:01","0.02803","0.02793","10.36","10.35","25.7","20 m -   44 m","0"
"(2024 JX8)","2024-May-09 05:31 ±    00:02","0.02105","0.02095","7.12","7.10","27.1","10 m -   22 m","0"
"(2024 JU14)","2024-May-09 05:33 ± < 00:01","0.03065","0.03053","13.47","13.46","25.7","20 m -   44 m","0"
"(2024 JZ)","2024-May-09 08:11 ± < 00:01","0.02815","0.02786","25.14","25.13","23.5","53 m -  120 m","0"
"(2024 GN5)","2024-May-09 12:52 ±    00:02","0.07026","0.07002","4.31","4.30","25.2","24 m -   53 m","0"
"(2024 JE15)","2024-May-09 13:14 ± < 00:01","0.00974","0.00972","7.52","7.49","26.8","12 m -   26 m","0"
"(2024 JR3)","2024-May-09 18:06 ± < 00:01","0.00610","0.00609","19.13","19.10","26.4","14 m -   31 m","0"
"(2014 KX21)","2024-May-09 20:36 ± < 00:01","0.06784","0.06784","6.80","6.80","25.5","21 m -   47 m","0"
"(2024 KB)","2024-May-10 00:54 ± < 00:01","0.09323","0.09261","27.91","27.91","22.9","68 m -  150 m","0"
"(2024 JF8)","2024-May-10 01:34 ±    00:01","0.04402","0.04350","8.33","8.32","25.9","17 m -   38 m","0"
"(2024 JJ17)","2024-May-10 06:32 ± < 00:01","0.00798","0.00797","5.06","4.99","27.9","7.0 m -   16 m","0"
"(2021 JG9)","2024-May-10 11:13 ± 4_09:16","0.04339","0.00074","16.13","16.12","25.2","24 m -   54 m","0"
"(2016 FT14)","2024-May-10 13:55 ± < 00:01","0.05103","0.05103","5.91","5.90","24.7","31 m -   69 m","0"
"(2024 JK1)","2024-May-10 18:18 ± < 00:01","0.01768","0.01761","9.65","9.64","26.4","14 m -   31 m","0"
"(2024 JF17)","2024-May-10 19:20 ± < 00:01","0.03412","0.03396","16.08","16.07","24.3","38 m -   84 m","0"
"(2024 JB9)","2024-May-10 20:41 ± < 00:01","0.02890","0.02880","8.04","8.03","26.4","14 m -   31 m","0"
"(2024 JV6)","2024-May-10 23:42 ± < 00:01","0.00398","0.00397","9.42","9.35","28.2","6.1 m -   14 m","0"
"(2024 JT11)","2024-May-11 07:51 ± < 00:01","0.02394","0.02387","7.70","7.69","26.2","15 m -   34 m","0"
"(2024 JK17)","2024-May-11 10:30 ± < 00:01","0.03201","0.03189","14.01","14.00","24.7","31 m -   69 m","0"
"(2021 JX3)","2024-May-11 12:49 ±    01:58","0.06800","0.06434","15.80","15.79","25.3","23 m -   51 m","0"
"(2024 JK15)","2024-May-11 16:12 ± < 00:01","0.00892","0.00889","22.03","22.01","26.1","16 m -   37 m","0"
"(2024 KD2)","2024-May-12 09:31 ±    00:18","0.04422","0.04406","22.32","22.32","23.0","67 m -  150 m","0"
"(2024 JN)","2024-May-12 15:33 ± < 00:01","0.01129","0.01127","3.26","3.18","28.3","5.9 m -   13 m","0"
"(2024 JL8)","2024-May-12 16:23 ±    00:06","0.09051","0.08580","15.56","15.56","24.7","30 m -   68 m","0"
"(2024 JQ12)","2024-May-13 11:22 ± < 00:01","0.01196","0.01195","2.96","2.88","28.5","5.3 m -   12 m","0"
"(2024 JP16)","2024-May-13 21:28 ±    00:03","0.03158","0.03138","5.38","5.37","26.4","14 m -   31 m","0"
"(2024 JO3)","2024-May-13 22:27 ±    00:02","0.06046","0.05989","9.26","9.25","24.8","29 m -   65 m","0"
"(2024 JP10)","2024-May-13 23:12 ± < 00:01","0.04812","0.04787","25.33","25.32","23.6","51 m -  110 m","0"
"(2024 KA)","2024-May-14 00:28 ± < 00:01","0.03804","0.03769","19.79","19.79","25.2","25 m -   55 m","0"
"(2024 KB2)","2024-May-14 06:20 ±    00:10","0.05379","0.05363","16.06","16.06","23.5","52 m -  120 m","0"
"(2014 WF6)","2024-May-14 09:42 ± < 00:01","0.01832","0.01832","18.92","18.92","24.4","35 m -   78 m","0"
"(2024 JW6)","2024-May-14 17:18 ± < 00:01","0.01455","0.01451","8.58","8.56","26.7","12 m -   28 m","0"
"(2024 JD15)","2024-May-14 22:01 ± < 00:01","0.01128","0.01123","19.50","19.48","26.9","11 m -   25 m","0"
"(2024 JZ16)","2024-May-14 23:16 ± < 00:01","0.06981","0.06889","23.28","23.28","23.8","47 m -  110 m","0"
"(2024 LU2)","2024-May-15 00:55 ±    00:06","0.06953","0.06847","14.97","14.97","24.8","29 m -   65 m","0"
"(2021 JN10)","2024-May-15 05:30 ± < 00:01","0.03775","0.03775","13.42","13.41","25.1","25 m -   56 m","0"
"(2024 JH15)","2024-May-15 07:39 ± < 00:01","0.00356","0.00355","14.13","14.08","27.3","9.0 m -   20 m","0"
"(2021 JJ)","2024-May-15 12:31 ± < 00:01","0.04294","0.04293","5.73","5.72","25.5","21 m -   47 m","0"
"(2024 JP17)","2024-May-15 13:33 ± < 00:01","0.01386","0.01382","10.42","10.40","26.8","12 m -   26 m","0"
"(2024 HA2)","2024-May-15 14:11 ± < 00:01","0.08749","0.08747","5.99","5.99","24.4","35 m -   79 m","0"
"(2024 JS17)","2024-May-15 20:30 ± < 00:01","0.01978","0.01966","11.14","11.12","26.0","17 m -   37 m","0"
"(2024 HS2)","2024-May-16 00:35 ± < 00:01","0.08678","0.08665","7.57","7.57","23.8","46 m -  100 m","0"
"(2024 JQ16)","2024-May-16 06:25 ± < 00:01","0.01796","0.01789","6.13","6.11","26.9","11 m -   25 m","0"
"(2024 KG)","2024-May-16 11:51 ±    00:01","0.04580","0.04571","17.32","17.32","22.4","89 m -  200 m","0"
"(2017 HP3)","2024-May-16 17:26 ± < 00:01","0.05983","0.05983","15.80","15.80","21.5","130 m -  300 m","0"
"(2024 JW16)","2024-May-16 20:37 ± < 00:01","0.08339","0.08114","26.05","26.05","20.9","180 m -  390 m","0"
"(2011 HO5)","2024-May-17 03:18 ± < 00:01","0.07773","0.07773","6.46","6.46","24.2","38 m -   85 m","0"
"(2024 JG17)","2024-May-17 03:47 ± < 00:01","0.01224","0.01220","7.90","7.88","27.4","8.7 m -   20 m","0"
"(2024 JT17)","2024-May-17 05:21 ± < 00:01","0.02457","0.02447","7.58","7.57","25.9","17 m -   39 m","0"
"(2024 JG6)","2024-May-17 06:26 ± < 00:01","0.02873","0.02866","7.41","7.40","26.4","14 m -   31 m","0"
"(2024 JO)","2024-May-17 07:40 ±    00:04","0.07055","0.06961","7.02","7.01","25.5","21 m -   48 m","0"
"(2022 WN2)","2024-May-17 08:36 ±    00:16","0.03507","0.03465","5.47","5.46","28.9","4.3 m -  9.6 m","0"
"(2024 JQ17)","2024-May-17 10:09 ± < 00:01","0.02610","0.02597","9.28","9.26","25.6","20 m -   46 m","0"
"(2024 JG8)","2024-May-17 22:18 ± < 00:01","0.01591","0.01587","6.07","6.04","27.3","9.2 m -   21 m","0"
"(2024 GE6)","2024-May-18 00:42 ± < 00:01","0.06642","0.06637","3.35","3.34","24.6","31 m -   70 m","0"
"(2024 JH17)","2024-May-18 06:27 ± < 00:01","0.05764","0.05717","14.80","14.79","24.9","28 m -   64 m","0"
"(2024 JQ1)","2024-May-18 20:50 ± < 00:01","0.01453","0.01450","2.99","2.93","27.1","10 m -   23 m","0"
"(2024 GQ7)","2024-May-19 06:56 ± < 00:01","0.05726","0.05724","11.36","11.36","23.1","63 m -  140 m","0"
"(2024 JK8)","2024-May-19 16:58 ± < 00:01","0.01529","0.01524","9.82","9.80","26.8","12 m -   26 m","0"
"(2024 JD1)","2024-May-20 11:54 ± < 00:01","0.04871","0.04847","5.50","5.49","25.6","20 m -   45 m","0"
"(2024 JP12)","2024-May-21 04:28 ± < 00:01","0.02808","0.02770","6.26","6.24","26.4","14 m -   32 m","0"
"(2024 JZ17)","2024-May-21 18:29 ± < 00:01","0.01689","0.01679","10.28","10.26","25.9","17 m -   38 m","0"
"(2024 KC)","2024-May-21 21:50 ±    00:02","0.01089","0.01084","4.59","4.53","28.5","5.3 m -   12 m","0"
"(2019 VB5)","2024-May-21 23:11 ±    04:18","0.01995","0.01494","6.34","6.32","31.7","1.2 m -  2.7 m","0"
"(2020 KO2)","2024-May-23 17:31 ± 4_06:46","0.06998","0.05963","15.22","15.22","24.4","35 m -   78 m","0"
"(2024 JX14)","2024-May-23 23:22 ±    00:03","0.04207","0.04177","6.17","6.16","25.6","20 m -   44 m","0"
"(2017 BH30)","2024-May-24 13:33 ± 4_20:11","0.06317","0.03447","13.86","13.86","28.8","4.6 m -   10 m","0"
"(2024 LH5)","2024-May-24 22:31 ±    00:54","0.04753","0.04695","12.05","12.05","24.3","38 m -   84 m","0"
"(2024 LF)","2024-May-25 00:00 ±    00:07","0.01676","0.01658","18.90","18.89","25.2","25 m -   55 m","0"
"(2024 HP2)","2024-May-25 00:43 ± < 00:01","0.01487","0.01487","2.27","2.19","26.4","14 m -   31 m","0"
"(2024 JS16)","2024-May-25 01:57 ± < 00:01","0.07539","0.07529","5.15","5.14","25.9","18 m -   39 m","0"
"(2024 KO)","2024-May-26 08:10 ± < 00:01","0.05859","0.05848","11.55","11.55","23.7","48 m -  110 m","0"
"(2024 LQ)","2024-May-26 15:31 ± < 00:01","0.03687","0.03671","8.58","8.57","25.2","25 m -   55 m","0"
"(2024 JY1)","2024-May-26 18:08 ± < 00:01","0.04473","0.04468","10.30","10.29","24.2","38 m -   85 m","0"
"(2024 JO16)","2024-May-27 08:44 ± < 00:01","0.02048","0.02037","8.80","8.78","26.3","15 m -   33 m","0"
"(2024 KS1)","2024-May-27 18:30 ± < 00:01","0.01629","0.01622","12.40","12.39","27.0","11 m -   24 m","0"
"(2021 KO2)","2024-May-28 00:35 ±    04:33","0.07828","0.06613","13.06","13.06","28.0","6.6 m -   15 m","0"
"(2008 LD)","2024-May-28 08:19 ± 2_03:28","0.01966","0.00512","4.46","4.43","28.9","4.4 m -  9.9 m","0"
"(2024 JV17)","2024-May-28 15:09 ± < 00:01","0.04418","0.04411","8.37","8.37","24.6","32 m -   72 m","0"
"(2022 MB)","2024-May-29 00:49 ± 3_14:44","0.09741","0.06968","8.97","8.97","24.1","41 m -   91 m","0"
"(2021 LV)","2024-May-29 01:23 ± 1_17:19","0.03081","0.00134","15.55","15.54","27.9","6.9 m -   15 m","0"
"(2024 JG)","2024-May-29 03:38 ± < 00:01","0.02234","0.02232","7.36","7.35","25.3","24 m -   53 m","0"
"(2024 JC6)","2024-May-29 06:16 ±    00:01","0.08682","0.08674","5.21","5.20","25.3","24 m -   53 m","0"
"(2024 KQ)","2024-May-29 11:08 ± < 00:01","0.02496","0.02492","8.29","8.28","25.8","18 m -   41 m","0"
"(2024 LU)","2024-May-29 15:39 ± < 00:01","0.06023","0.06014","8.74","8.74","23.5","52 m -  120 m","0"
"(2024 KU)","2024-May-29 21:35 ± < 00:01","0.00399","0.00398","9.44","9.37","28.2","6.0 m -   13 m","0"
"(2021 RJ6)","2024-May-29 22:18 ± 4_00:00","0.09425","0.08583","6.20","6.20","26.7","12 m -   28 m","0"
"(2024 JA3)","2024-May-30 01:37 ±    00:02","0.01595","0.01593","8.49","8.47","25.0","27 m -   60 m","0"
"(2024 LB)","2024-May-30 09:46 ± < 00:01","0.01993","0.01987","5.23","5.20","27.5","8.3 m -   19 m","0"
"(2024 KY)","2024-May-30 19:16 ± < 00:01","0.00958","0.00957","7.18","7.14","26.4","14 m -   31 m","0"
"(2024 KX)","2024-May-31 03:42 ± < 00:01","0.00194","0.00194","8.25","8.08","27.7","7.8 m -   17 m","0"
"(2024 MM2)","2024-May-31 13:16 ± < 00:01","0.07528","0.07521","5.80","5.79","24.2","39 m -   88 m","0"
"(2022 WO7)","2024-May-31 20:15 ± < 00:01","0.08403","0.08403","10.80","10.80","24.6","33 m -   73 m","0"
"(2024 KB1)","2024-Jun-01 00:43 ± < 00:01","0.00243","0.00243","11.06","10.96","28.3","6.0 m -   13 m","0"
"(2024 JP1)","2024-Jun-01 04:14 ± < 00:01","0.04728","0.04719","4.73","4.71","25.8","18 m -   41 m","0"
"(2024 JC1)","2024-Jun-01 05:44 ± < 00:01","0.03865","0.03859","4.82","4.80","25.1","25 m -   57 m","0"
"(2024 LA1)","2024-Jun-01 10:16 ±    00:09","0.08038","0.07936","5.65","5.64","25.8","18 m -   41 m","0"
"(2024 KO1)","2024-Jun-01 11:21 ± < 00:01","0.01855","0.01849","6.96","6.94","27.2","9.8 m -   22 m","0"
"(1998 KY26)","2024-Jun-01 16:04 ± < 00:01","0.03068","0.03068","5.26","5.24","25.7","0.03 km","0"
"(2024 KE1)","2024-Jun-01 16:57 ±    00:01","0.09538","0.09443","10.82","10.82","24.4","35 m -   77 m","0"
"(2024 KU1)","2024-Jun-01 23:10 ±    00:02","0.05571","0.05528","7.00","7.00","26.2","15 m -   34 m","0"
"(2024 LF1)","2024-Jun-02 03:11 ± < 00:01","0.01821","0.01813","8.94","8.92","27.5","8.5 m -   19 m","0"
"(2024 LJ1)","2024-Jun-02 04:35 ± < 00:01","0.00743","0.00741","9.68","9.64","25.7","19 m -   43 m","0"
"(2024 KJ1)","2024-Jun-02 22:18 ±    00:02","0.05216","0.05201","4.12","4.11","26.2","15 m -   34 m","0"
"(2024 JV14)","2024-Jun-02 23:07 ± < 00:01","0.06090","0.06083","16.60","16.60","23.8","47 m -  110 m","0"
"(2024 KZ)","2024-Jun-03 06:04 ± < 00:01","0.02933","0.02929","9.85","9.84","24.9","27 m -   61 m","0"
"(2024 LQ1)","2024-Jun-03 07:49 ± < 00:01","0.02572","0.02566","5.81","5.79","25.5","21 m -   47 m","0"
"(2024 LO4)","2024-Jun-03 13:14 ± < 00:01","0.01988","0.01979","4.68","4.66","27.7","7.8 m -   17 m","0"
"(2024 KT1)","2024-Jun-03 14:03 ± < 00:01","0.01239","0.01236","7.16","7.13","27.0","11 m -   24 m","0"
"(2024 KL1)","2024-Jun-03 19:26 ± < 00:01","0.07038","0.06992","31.27","31.27","22.7","75 m -  170 m","0"
"(2024 LM)","2024-Jun-03 23:51 ± < 00:01","0.00638","0.00638","6.61","6.55","27.9","7.1 m -   16 m","0"
"(2024 KS)","2024-Jun-04 01:08 ±    00:01","0.09843","0.09814","7.92","7.92","24.6","32 m -   72 m","0"
"(2024 KF)","2024-Jun-04 02:57 ± < 00:01","0.06324","0.06313","7.32","7.31","23.2","60 m -  130 m","0"
"(2024 KA2)","2024-Jun-04 13:46 ± < 00:01","0.00233","0.00233","13.14","13.05","27.9","7.0 m -   16 m","0"
"(2024 KK1)","2024-Jun-04 14:10 ± < 00:01","0.02859","0.02852","4.60","4.58","26.2","15 m -   35 m","0"
"(2024 LK1)","2024-Jun-04 15:13 ± < 00:01","0.07458","0.07419","13.79","13.78","24.0","42 m -   93 m","0"
"(2024 KV1)","2024-Jun-04 15:22 ±    00:02","0.08128","0.08075","6.40","6.39","24.3","37 m -   83 m","0"
"(2024 KX1)","2024-Jun-04 15:54 ± < 00:01","0.00903","0.00901","10.74","10.72","26.7","12 m -   27 m","0"
"(2024 KF1)","2024-Jun-04 19:11 ± < 00:01","0.05799","0.05703","17.81","17.80","24.0","41 m -   92 m","0"
"(2024 LE4)","2024-Jun-05 09:28 ±    00:03","0.03307","0.03284","17.93","17.92","24.8","29 m -   64 m","0"
"(2024 JR17)","2024-Jun-05 11:07 ± < 00:01","0.04947","0.04922","14.53","14.53","23.1","63 m -  140 m","0"
"(2008 YN2)","2024-Jun-05 17:47 ± 4_09:55","0.02686","0.01335","7.70","7.68","26.3","15 m -   33 m","0"
"(2016 LJ10)","2024-Jun-05 22:05 ± < 00:01","0.06670","0.06669","11.83","11.83","23.7","47 m -  110 m","0"
"(2024 LM1)","2024-Jun-05 23:35 ± < 00:01","0.04034","0.04026","7.00","6.99","25.6","20 m -   45 m","0"
"(2024 LE1)","2024-Jun-06 00:48 ± < 00:01","0.02511","0.02503","9.85","9.84","26.3","15 m -   33 m","0"
"(2024 LQ3)","2024-Jun-07 08:03 ± < 00:01","0.02459","0.02449","13.55","13.55","24.3","37 m -   83 m","0"
"(2024 KA1)","2024-Jun-07 11:06 ± < 00:01","0.01255","0.01254","8.32","8.30","25.3","23 m -   51 m","0"
"(2024 LR1)","2024-Jun-07 13:05 ± < 00:01","0.07412","0.07395","13.02","13.01","22.6","79 m -  180 m","0"
"(2024 BD4)","2024-Jun-07 14:21 ±    00:05","0.06342","0.06337","1.26","1.23","26.5","13 m -   30 m","0"
"(2024 LU4)","2024-Jun-07 18:35 ± < 00:01","0.02873","0.02849","13.01","13.01","25.4","22 m -   50 m","0"
"(2024 LA)","2024-Jun-07 22:20 ± < 00:01","0.01202","0.01198","18.26","18.25","25.8","18 m -   41 m","0"
"(2024 MJ)","2024-Jun-08 03:16 ± < 00:01","0.06405","0.06351","10.92","10.92","24.2","38 m -   86 m","0"
"(2024 LC)","2024-Jun-08 12:18 ± < 00:01","0.03135","0.03127","8.70","8.70","25.6","20 m -   45 m","0"
"(2024 LW2)","2024-Jun-08 16:09 ± < 00:01","0.01118","0.01116","7.68","7.65","25.8","19 m -   42 m","0"
"(2024 LZ1)","2024-Jun-09 16:12 ± < 00:01","0.01052","0.01051","9.06","9.03","26.4","14 m -   32 m","0"
"(2019 WD5)","2024-Jun-10 06:56 ± < 00:01","0.08017","0.08017","15.82","15.82","21.9","110 m -  250 m","0"
"(2024 MZ1)","2024-Jun-11 10:44 ±    00:13","0.07015","0.06891","12.19","12.19","23.7","48 m -  110 m","0"
"(2024 LD)","2024-Jun-11 11:06 ± < 00:01","0.03090","0.03071","10.67","10.66","26.1","16 m -   36 m","0"
"(2024 LV2)","2024-Jun-11 14:21 ± < 00:01","0.03146","0.03131","28.22","28.22","23.4","57 m -  130 m","0"
"(2024 KL)","2024-Jun-12 07:55 ± < 00:01","0.07402","0.07335","8.55","8.54","23.8","45 m -  100 m","0"
"(2022 XC1)","2024-Jun-12 07:59 ±    07:48","0.04210","0.03730","6.48","6.47","26.2","15 m -   34 m","0"
"(2024 NP)","2024-Jun-12 20:38 ±    00:02","0.06520","0.06501","7.52","7.52","25.1","26 m -   58 m","0"
"(2024 MG)","2024-Jun-13 06:27 ±    00:07","0.00805","0.00793","8.92","8.88","26.2","15 m -   34 m","0"
"(2024 MM1)","2024-Jun-13 07:45 ±    00:02","0.02992","0.02969","3.62","3.59","26.2","15 m -   34 m","0"
"(2024 MB1)","2024-Jun-13 13:27 ±    00:04","0.01657","0.01650","4.45","4.41","27.2","9.5 m -   21 m","0"
"(2024 BS19)","2024-Jun-13 15:17 ± < 00:01","0.09959","0.09958","11.44","11.43","21.3","150 m -  330 m","0"
"(2024 LS5)","2024-Jun-13 17:40 ± < 00:01","0.01648","0.01640","16.47","16.46","26.0","17 m -   38 m","0"
"(2024 LR5)","2024-Jun-14 12:24 ±    00:01","0.00999","0.00997","5.85","5.80","28.3","5.7 m -   13 m","0"
"(2024 LZ2)","2024-Jun-14 18:18 ± < 00:01","0.00886","0.00883","20.37","20.35","26.2","15 m -   34 m","0"
"(2024 MB)","2024-Jun-14 19:55 ± < 00:01","0.02389","0.02381","7.69","7.68","25.8","19 m -   42 m","0"
"(2024 MM)","2024-Jun-15 02:48 ± < 00:01","0.06574","0.06562","7.62","7.61","24.5","34 m -   75 m","0"
"(2024 LL1)","2024-Jun-15 07:58 ± < 00:01","0.01332","0.01329","9.22","9.20","26.2","16 m -   35 m","0"
"(2024 LW5)","2024-Jun-15 17:00 ± < 00:01","0.07609","0.07581","6.97","6.97","25.6","20 m -   44 m","0"
"(2024 LS4)","2024-Jun-15 23:21 ±    00:02","0.02853","0.02845","4.79","4.77","26.0","17 m -   37 m","0"
"(2024 KK)","2024-Jun-16 03:07 ± < 00:01","0.05342","0.05315","7.83","7.82","24.6","32 m -   71 m","0"
"(2019 LR1)","2024-Jun-16 10:48 ± 1_19:29","0.09606","0.08659","9.59","9.59","24.4","34 m -   77 m","0"
"(2024 LB4)","2024-Jun-16 11:24 ± < 00:01","0.01940","0.01936","7.60","7.58","25.5","21 m -   47 m","0"
"(2024 LP4)","2024-Jun-16 21:12 ± < 00:01","0.05474","0.05428","11.18","11.17","23.5","53 m -  120 m","0"
"(2024 LH3)","2024-Jun-16 21:52 ± < 00:01","0.03327","0.03320","6.13","6.11","24.4","36 m -   80 m","0"
"(2024 MD)","2024-Jun-17 01:20 ± < 00:01","0.00258","0.00257","5.77","5.59","27.9","7.0 m -   16 m","0"
"(2024 NJ1)","2024-Jun-17 07:38 ±    00:24","0.02765","0.02741","5.08","5.06","24.8","30 m -   66 m","0"
"(2024 LU1)","2024-Jun-17 10:04 ± < 00:01","0.01237","0.01234","7.11","7.08","26.0","17 m -   38 m","0"
"(2022 WW11)","2024-Jun-17 11:34 ±    23:07","0.05035","0.04047","14.36","14.36","26.9","11 m -   25 m","0"
"(2024 KW1)","2024-Jun-17 22:51 ± < 00:01","0.05082","0.05079","3.98","3.97","25.5","21 m -   48 m","0"
"(2024 MA)","2024-Jun-18 21:32 ± < 00:01","0.01065","0.01064","11.24","11.21","26.5","13 m -   30 m","0"
"(2024 KY1)","2024-Jun-19 17:32 ± < 00:01","0.04120","0.04110","12.22","12.22","25.0","27 m -   60 m","0"
"(2024 MS)","2024-Jun-19 22:39 ± < 00:01","0.00470","0.00470","2.87","2.67","29.0","4.3 m -  9.5 m","0"
"(2010 XB24)","2024-Jun-20 08:13 ± < 00:01","0.08794","0.08794","10.69","10.69","21.8","110 m -  260 m","0"
"(2021 FO1)","2024-Jun-21 11:24 ± 9_12:57","0.05466","0.03470","5.94","5.93","29.5","3.4 m -  7.6 m","0"
"(2024 LG5)","2024-Jun-21 12:28 ± < 00:01","0.01564","0.01560","7.54","7.52","26.6","13 m -   28 m","0"
"(2013 ND15)","2024-Jun-21 20:21 ±    13:50","0.08063","0.03363","17.43","17.43","24.1","40 m -   90 m","0"
"(2024 LO2)","2024-Jun-21 23:15 ± < 00:01","0.03631","0.03626","9.15","9.14","25.5","21 m -   47 m","0"
"(2024 RY19)","2024-Jun-22 01:16 ±    00:33","0.05592","0.05569","2.48","2.46","25.7","19 m -   43 m","0"
"(2024 MT)","2024-Jun-22 08:26 ± < 00:01","0.02406","0.02400","9.51","9.49","24.8","29 m -   65 m","0"
"(2002 MN)","2024-Jun-22 22:01 ± < 00:01","0.06730","0.06730","12.42","12.42","23.6","51 m -  110 m","0"
"(2024 MP2)","2024-Jun-23 01:02 ± < 00:01","0.03136","0.03125","12.76","12.75","24.7","30 m -   67 m","0"
"(2024 MO1)","2024-Jun-23 16:00 ± < 00:01","0.06629","0.06547","21.50","21.49","23.5","53 m -  120 m","0"
"(2024 MS2)","2024-Jun-23 17:38 ±    00:09","0.01504","0.01488","10.90","10.89","26.0","17 m -   38 m","0"
"(2024 KN1)","2024-Jun-23 18:09 ± < 00:01","0.03751","0.03744","4.58","4.57","25.5","21 m -   47 m","0"
"(2008 TD)","2024-Jun-23 18:59 ± 1_10:39","0.09968","0.08991","10.43","10.43","25.4","22 m -   49 m","0"
"(2024 MU)","2024-Jun-24 14:48 ±    00:26","0.04777","0.04710","6.01","6.00","26.1","16 m -   36 m","0"
"(2024 MD1)","2024-Jun-24 20:44 ± < 00:01","0.01245","0.01242","7.23","7.20","25.9","18 m -   40 m","0"
"(2024 MV)","2024-Jun-25 00:07 ± < 00:01","0.00312","0.00312","7.39","7.28","26.8","11 m -   26 m","0"
"(2024 KJ)","2024-Jun-25 08:51 ±    00:01","0.03515","0.03506","4.51","4.50","25.8","18 m -   41 m","0"
"(2024 JX12)","2024-Jun-25 09:20 ± < 00:01","0.05457","0.05455","12.35","12.34","22.5","84 m -  190 m","0"
"(2024 EV1)","2024-Jun-25 15:24 ± < 00:01","0.08733","0.08733","7.21","7.21","22.6","80 m -  180 m","0"
"(2024 LO5)","2024-Jun-25 16:26 ± < 00:01","0.01310","0.01308","7.93","7.91","26.3","15 m -   33 m","0"
"385843 (2006 JY25)","2024-Jun-25 22:19 ± < 00:01","0.08650","0.08650","16.60","16.59","20.5","210 m -  470 m","0"
"(2023 HM)","2024-Jun-26 09:34 ±    04:54","0.09588","0.07628","17.02","17.02","27.8","7.3 m -   16 m","0"
"(2023 DH1)","2024-Jun-27 04:31 ±    00:27","0.06075","0.06034","7.97","7.96","26.7","12 m -   27 m","0"
"(2024 ME2)","2024-Jun-27 06:55 ± < 00:01","0.02548","0.02547","20.44","20.44","23.8","45 m -  100 m","0"
"(2024 NW1)","2024-Jun-27 08:12 ±    00:34","0.06608","0.06545","6.11","6.10","26.4","14 m -   32 m","0"
"(2024 LC4)","2024-Jun-27 10:40 ± < 00:01","0.06073","0.06064","16.26","16.26","23.0","66 m -  150 m","0"
"(2024 LR)","2024-Jun-27 13:50 ±    00:01","0.08629","0.08611","6.18","6.17","23.2","61 m -  140 m","0"
"(2019 WW)","2024-Jun-27 21:03 ± < 00:01","0.08655","0.08655","8.26","8.26","24.5","33 m -   74 m","0"
"(2022 MM1)","2024-Jun-28 00:16 ± < 00:01","0.01989","0.01989","10.92","10.90","24.8","29 m -   65 m","0"
"(2019 NJ)","2024-Jun-28 01:48 ± < 00:01","0.03840","0.03839","10.07","10.06","23.7","49 m -  110 m","0"
"(2024 MW1)","2024-Jun-28 02:15 ±    00:25","0.05339","0.05133","9.39","9.39","24.1","40 m -   90 m","0"
"(2010 XN)","2024-Jun-28 03:13 ± < 00:01","0.03618","0.03618","11.32","11.32","24.2","39 m -   87 m","0"
"(2024 NQ1)","2024-Jun-28 04:37 ± < 00:01","0.05873","0.05854","14.10","14.10","23.3","58 m -  130 m","0"
"469445 (2002 LT24)","2024-Jun-28 06:21 ± < 00:01","0.05550","0.05550","9.03","9.03","22.2","0.143±0.024 km","0"
"(2024 MW)","2024-Jun-28 07:11 ± < 00:01","0.00062","0.00062","13.59","13.27","29.3","3.6 m -  8.1 m","0"
"(2024 MS1)","2024-Jun-28 20:14 ± < 00:01","0.00610","0.00608","15.78","15.75","25.9","17 m -   39 m","0"
"(2024 MY1)","2024-Jun-28 21:25 ± < 00:01","0.06367","0.06350","7.84","7.83","25.3","23 m -   51 m","0"
"(2022 HD1)","2024-Jun-29 04:10 ± < 00:01","0.04215","0.04215","7.17","7.16","23.7","47 m -  110 m","0"
"(2024 NF1)","2024-Jun-30 05:48 ± < 00:01","0.07116","0.07104","13.70","13.70","24.5","34 m -   75 m","0"
"(2014 DH)","2024-Jun-30 08:20 ±    05:45","0.07314","0.00598","8.69","8.69","26.6","13 m -   28 m","0"
"(2017 MB3)","2024-Jun-30 09:51 ± < 00:01","0.01284","0.01284","6.46","6.43","25.4","22 m -   49 m","0"
"(2024 LJ2)","2024-Jul-01 08:25 ± < 00:01","0.05073","0.05064","10.39","10.38","23.2","62 m -  140 m","0"
"(2002 MR3)","2024-Jul-01 14:34 ± < 00:01","0.07943","0.07943","21.36","21.36","21.4","140 m -  310 m","0"
"(2022 BY39)","2024-Jul-02 02:12 ±    01:25","0.03389","0.03380","2.97","2.95","29.9","2.7 m -  6.1 m","0"
"(2024 NT2)","2024-Jul-02 02:32 ±    00:09","0.05347","0.05304","6.52","6.51","25.9","17 m -   39 m","0"
"(2024 NT1)","2024-Jul-02 04:04 ±    00:10","0.09402","0.09285","7.74","7.74","24.9","28 m -   62 m","0"
"(2024 LH)","2024-Jul-02 11:08 ± < 00:01","0.01121","0.01117","4.33","4.28","25.2","24 m -   53 m","0"
"(2024 NC)","2024-Jul-02 16:43 ± < 00:01","0.03483","0.03468","5.51","5.50","25.0","27 m -   61 m","0"
"(2024 NY2)","2024-Jul-02 21:46 ± < 00:01","0.04735","0.04710","7.27","7.26","24.5","33 m -   74 m","0"
"(2024 NB)","2024-Jul-02 23:51 ± < 00:01","0.01212","0.01210","12.73","12.71","25.7","19 m -   43 m","0"
"(2024 NH3)","2024-Jul-03 17:05 ± < 00:01","0.04764","0.04734","11.68","11.68","22.9","69 m -  150 m","0"
"(2024 NE)","2024-Jul-03 20:04 ± < 00:01","0.03466","0.03456","15.61","15.61","23.9","44 m -   99 m","0"
"(2024 KQ1)","2024-Jul-04 04:07 ± < 00:01","0.03811","0.03810","6.88","6.87","24.0","42 m -   95 m","0"
"(2024 NM1)","2024-Jul-06 00:05 ± < 00:01","0.00456","0.00456","17.95","17.92","26.6","13 m -   29 m","0"
"(2017 ND)","2024-Jul-07 16:07 ± 6_06:30","0.06775","0.00821","7.34","7.33","24.7","31 m -   68 m","0"
"(2024 MK2)","2024-Jul-08 13:17 ±    00:01","0.07398","0.07346","9.23","9.22","24.1","41 m -   91 m","0"
"(2024 NP3)","2024-Jul-08 14:45 ±    00:05","0.08618","0.08424","13.70","13.70","22.5","83 m -  180 m","0"
"(2024 OV)","2024-Jul-08 19:31 ±    00:20","0.06767","0.06669","11.25","11.25","23.5","52 m -  120 m","0"
"(2024 MK1)","2024-Jul-08 20:28 ±    00:03","0.09770","0.09701","12.12","12.11","24.0","43 m -   96 m","0"
"(2024 OG)","2024-Jul-08 21:25 ±    00:02","0.04137","0.04117","4.83","4.82","25.4","22 m -   48 m","0"
"(2024 NB1)","2024-Jul-09 14:54 ± < 00:01","0.03738","0.03721","9.72","9.72","23.8","46 m -  100 m","0"
"(2024 LN5)","2024-Jul-09 16:29 ± < 00:01","0.06558","0.06552","7.53","7.52","25.0","27 m -   60 m","0"
"(2024 NR1)","2024-Jul-09 21:35 ± < 00:01","0.04335","0.04317","8.38","8.37","25.7","19 m -   42 m","0"
"(2024 AP3)","2024-Jul-09 23:06 ± < 00:01","0.09354","0.09354","14.64","14.64","24.4","36 m -   80 m","0"
"(2024 NA2)","2024-Jul-09 23:35 ± < 00:01","0.01501","0.01499","4.06","4.02","25.2","24 m -   55 m","0"
"(2024 ME)","2024-Jul-10 00:16 ± < 00:01","0.09923","0.09922","8.23","8.23","21.5","130 m -  300 m","0"
"(2024 ME1)","2024-Jul-10 14:37 ± < 00:01","0.02904","0.02895","8.39","8.38","24.7","30 m -   68 m","0"
"(2024 NK3)","2024-Jul-11 06:20 ± < 00:01","0.00079","0.00079","10.58","10.26","28.7","4.9 m -   11 m","0"
"(2016 NB1)","2024-Jul-11 07:41 ± < 00:01","0.07616","0.07615","8.44","8.44","23.9","44 m -   99 m","0"
"(2022 YS5)","2024-Jul-11 13:30 ± < 00:01","0.02816","0.02816","5.83","5.82","24.8","29 m -   64 m","0"
"(2019 AP8)","2024-Jul-11 14:28 ± < 00:01","0.08703","0.08703","1.29","1.27","24.5","33 m -   75 m","0"
"(2024 LX5)","2024-Jul-11 23:51 ± < 00:01","0.06719","0.06715","7.47","7.47","24.4","35 m -   79 m","0"
"(2024 QY1)","2024-Jul-12 00:39 ±    00:02","0.05739","0.05734","3.59","3.57","24.9","28 m -   64 m","0"
"(2024 PM1)","2024-Jul-12 09:24 ±    04:19","0.08622","0.08425","9.15","9.15","24.0","42 m -   95 m","0"
"(2024 OU)","2024-Jul-12 10:40 ±    00:05","0.03620","0.03604","8.48","8.47","24.3","36 m -   81 m","0"
"(2024 NC2)","2024-Jul-12 11:42 ±    00:02","0.06254","0.06219","8.39","8.39","24.9","27 m -   61 m","0"
"(2024 MH2)","2024-Jul-12 17:09 ± < 00:01","0.06241","0.06238","12.39","12.39","23.5","54 m -  120 m","0"
"(2024 OT)","2024-Jul-13 02:34 ±    00:09","0.02836","0.02820","8.33","8.31","24.9","28 m -   63 m","0"
"(2024 NG)","2024-Jul-13 07:58 ±    00:05","0.02303","0.02289","7.04","7.02","26.5","13 m -   30 m","0"
"(2012 VC26)","2024-Jul-13 17:06 ± 4_20:57","0.07101","0.05938","3.73","3.72","28.7","4.8 m -   11 m","0"
"(2024 NB2)","2024-Jul-13 19:35 ± < 00:01","0.02564","0.02551","13.27","13.27","25.1","25 m -   56 m","0"
"(2024 BY15)","2024-Jul-16 06:57 ±    00:02","0.04143","0.04142","0.71","0.61","26.7","12 m -   27 m","0"
"(2024 NJ3)","2024-Jul-17 11:22 ± < 00:01","0.00820","0.00819","6.44","6.39","26.9","11 m -   25 m","0"
"(2024 NF)","2024-Jul-17 11:28 ± < 00:01","0.03231","0.03223","20.29","20.28","23.5","52 m -  120 m","0"
"(2024 PM)","2024-Jul-17 14:15 ±    00:01","0.07199","0.07191","11.04","11.04","23.2","62 m -  140 m","0"
"(2024 MD3)","2024-Jul-18 00:21 ±    00:02","0.09669","0.09625","8.55","8.55","23.4","56 m -  130 m","0"
"(2024 OO2)","2024-Jul-20 08:22 ±    00:04","0.07925","0.07810","11.37","11.36","24.3","37 m -   84 m","0"
"(2024 PL6)","2024-Jul-21 03:31 ±    00:01","0.06890","0.06741","10.25","10.24","25.0","27 m -   60 m","0"
"(2024 MG1)","2024-Jul-21 21:31 ± < 00:01","0.02841","0.02837","9.35","9.34","24.0","43 m -   96 m","0"
"(2024 PU)","2024-Jul-22 11:35 ±    00:24","0.01407","0.01395","9.58","9.56","26.0","17 m -   38 m","0"
"(2024 OY1)","2024-Jul-22 13:47 ±    00:03","0.01678","0.01667","10.93","10.92","26.1","16 m -   37 m","0"
"(2024 NH)","2024-Jul-23 03:18 ± < 00:01","0.03363","0.03352","5.46","5.44","25.4","22 m -   49 m","0"
"(2024 PG1)","2024-Jul-23 03:55 ±    00:14","0.04740","0.04681","11.53","11.53","24.1","40 m -   90 m","0"
"(2024 MC1)","2024-Jul-23 05:57 ±    00:02","0.07067","0.07036","5.95","5.94","24.1","41 m -   91 m","0"
"(2024 OP)","2024-Jul-24 03:51 ± < 00:01","0.02358","0.02349","10.70","10.69","24.3","37 m -   82 m","0"
"(2024 PL)","2024-Jul-24 11:01 ±    00:35","0.07625","0.07547","8.28","8.28","25.1","26 m -   58 m","0"
"(2022 MS)","2024-Jul-24 19:46 ± 3_11:26","0.08709","0.06977","7.24","7.24","25.6","20 m -   45 m","0"
"(2024 PX)","2024-Jul-25 04:02 ±    00:03","0.09865","0.09777","11.91","11.91","23.9","45 m -  100 m","0"
"(2021 PK1)","2024-Jul-25 14:48 ± 4_20:01","0.08015","0.04929","9.93","9.93","25.9","17 m -   38 m","0"
"(2024 NV1)","2024-Jul-25 17:33 ± < 00:01","0.03600","0.03580","10.17","10.16","25.2","24 m -   54 m","0"
"(2024 NN1)","2024-Jul-25 18:52 ± < 00:01","0.05254","0.05234","13.06","13.06","22.4","89 m -  200 m","0"
"(2024 OA2)","2024-Jul-25 19:35 ± < 00:01","0.01095","0.01090","9.15","9.12","27.4","8.6 m -   19 m","0"
"(2020 PP1)","2024-Jul-25 22:05 ± < 00:01","0.07482","0.07482","4.85","4.84","26.7","12 m -   27 m","0"
"(2024 OJ)","2024-Jul-26 01:14 ± < 00:01","0.03362","0.03328","7.92","7.91","26.1","16 m -   35 m","0"
"(2024 RA16)","2024-Jul-26 06:17 ±    00:08","0.01023","0.01021","1.28","1.06","28.8","4.5 m -   10 m","0"
"(2024 MH1)","2024-Jul-26 08:41 ± < 00:01","0.01201","0.01200","5.81","5.77","25.5","21 m -   48 m","0"
"(2024 OG2)","2024-Jul-27 13:28 ± < 00:01","0.00187","0.00187","10.23","10.09","29.1","4.1 m -  9.1 m","0"
"(2024 OZ1)","2024-Jul-27 18:43 ±    00:03","0.01263","0.01229","11.40","11.38","25.8","19 m -   42 m","0"
"(2024 QJ1)","2024-Jul-27 23:25 ±    00:06","0.04991","0.04960","6.14","6.13","25.1","25 m -   57 m","0"
"(2024 NZ1)","2024-Jul-28 01:30 ± < 00:01","0.04988","0.04970","12.75","12.74","24.0","42 m -   94 m","0"
"(2024 OE2)","2024-Jul-28 05:29 ± < 00:01","0.01531","0.01525","8.78","8.76","27.2","9.5 m -   21 m","0"
"(2024 OK)","2024-Jul-28 23:49 ±    00:14","0.01765","0.01760","4.59","4.56","27.4","8.7 m -   19 m","0"
"(2024 OH)","2024-Jul-29 04:32 ± < 00:01","0.04920","0.04898","12.59","12.58","24.7","31 m -   69 m","0"
"(2024 OO1)","2024-Jul-29 14:48 ± < 00:01","0.03697","0.03683","10.03","10.02","24.8","30 m -   66 m","0"
"(2024 OF)","2024-Jul-29 19:42 ± < 00:01","0.04783","0.04763","10.10","10.09","23.7","49 m -  110 m","0"
"(2024 OB1)","2024-Jul-29 23:53 ±    00:02","0.03796","0.03776","9.10","9.09","25.2","24 m -   54 m","0"
"(2024 OS1)","2024-Jul-30 05:19 ± < 00:01","0.03073","0.03056","14.10","14.10","24.4","35 m -   78 m","0"
"(2024 PC)","2024-Jul-30 11:57 ± < 00:01","0.00819","0.00817","6.81","6.76","26.4","14 m -   31 m","0"
"(2000 UK11)","2024-Jul-30 14:51 ± < 00:01","0.09549","0.09548","9.18","9.17","25.3","23 m -   52 m","0"
"(2024 OT1)","2024-Jul-30 15:09 ± < 00:01","0.00562","0.00561","14.57","14.54","26.6","13 m -   29 m","0"
"(2024 PD)","2024-Jul-31 03:33 ±    00:14","0.08049","0.07918","12.23","12.23","24.5","33 m -   73 m","0"
"(2024 GD2)","2024-Jul-31 07:35 ±    18:59","0.09598","0.09164","3.08","3.08","25.6","21 m -   46 m","0"
"(2024 RF16)","2024-Jul-31 09:20 ±    00:08","0.09003","0.08963","6.47","6.47","24.8","29 m -   65 m","0"
"(2024 OW1)","2024-Jul-31 16:19 ±    00:02","0.08101","0.08033","6.97","6.96","24.8","29 m -   65 m","0"
"(2024 PD4)","2024-Aug-01 02:53 ±    03:25","0.02440","0.02434","1.15","1.05","27.2","9.5 m -   21 m","0"
"(2024 OO)","2024-Aug-01 13:59 ± < 00:01","0.01321","0.01315","11.35","11.33","25.5","21 m -   47 m","0"
"(2024 PP2)","2024-Aug-01 17:10 ±    00:04","0.07861","0.07816","6.48","6.47","25.1","26 m -   57 m","0"
"(2024 PE2)","2024-Aug-02 00:16 ±    00:02","0.01840","0.01821","18.80","18.80","26.2","16 m -   35 m","0"
"(2020 PN1)","2024-Aug-02 13:01 ± < 00:01","0.04608","0.04608","5.51","5.50","25.4","22 m -   48 m","0"
"(2024 PA)","2024-Aug-02 19:16 ± < 00:01","0.04524","0.04518","8.06","8.06","25.0","27 m -   61 m","0"
"(2024 PP1)","2024-Aug-03 07:00 ±    00:03","0.00554","0.00552","10.73","10.69","27.8","7.3 m -   16 m","0"
"(2024 PO)","2024-Aug-03 14:44 ± < 00:01","0.00928","0.00927","11.49","11.46","26.9","11 m -   25 m","0"
"(2024 OJ2)","2024-Aug-03 22:15 ±    00:01","0.04789","0.04763","10.43","10.42","25.0","27 m -   61 m","0"
"(2024 PW2)","2024-Aug-04 07:03 ± < 00:01","0.08288","0.08287","6.82","6.82","24.7","30 m -   67 m","0"
"(2024 PM2)","2024-Aug-04 07:43 ±    00:01","0.05114","0.05090","8.36","8.35","24.8","30 m -   66 m","0"
"(2020 MP2)","2024-Aug-04 09:56 ± < 00:01","0.09347","0.09347","12.77","12.76","22.2","95 m -  210 m","0"
"(2024 PQ)","2024-Aug-04 14:58 ± < 00:01","0.00665","0.00665","5.33","5.26","27.8","7.4 m -   17 m","0"
"(2024 OC)","2024-Aug-04 16:10 ± < 00:01","0.04964","0.04929","10.00","9.99","22.1","99 m -  220 m","0"
"(2024 PG2)","2024-Aug-04 19:49 ±    00:01","0.00374","0.00373","14.65","14.61","27.1","10 m -   23 m","0"
"(2024 PY)","2024-Aug-04 21:36 ± < 00:01","0.00063","0.00063","8.35","7.83","29.4","3.5 m -  7.8 m","0"
"(2023 HB7)","2024-Aug-05 03:42 ± < 00:01","0.03756","0.03756","6.07","6.06","25.3","24 m -   53 m","0"
"(2024 PK3)","2024-Aug-05 10:05 ± < 00:01","0.01987","0.01977","5.69","5.67","26.7","12 m -   27 m","0"
"(2024 PC4)","2024-Aug-05 12:50 ±    00:07","0.02282","0.02267","9.08","9.07","26.0","17 m -   38 m","0"
"(2024 QG1)","2024-Aug-05 14:10 ±    00:46","0.06106","0.05924","9.93","9.92","25.0","26 m -   59 m","0"
"(2019 NP5)","2024-Aug-05 14:34 ±    13:00","0.08750","0.06691","7.76","7.75","27.6","8.0 m -   18 m","0"
"(2017 TU1)","2024-Aug-05 18:40 ± < 00:01","0.02862","0.02862","9.98","9.97","26.0","17 m -   38 m","0"
"(2024 PE)","2024-Aug-06 03:01 ± < 00:01","0.01210","0.01203","16.14","16.12","25.6","20 m -   44 m","0"
"(2024 PJ3)","2024-Aug-06 03:43 ±    00:02","0.00529","0.00528","16.51","16.47","28.3","5.9 m -   13 m","0"
"(2022 AO)","2024-Aug-06 04:05 ±    00:02","0.09753","0.09753","5.51","5.51","23.9","43 m -   96 m","0"
"(2024 PX1)","2024-Aug-06 08:00 ± < 00:01","0.04752","0.04728","6.32","6.31","25.9","18 m -   39 m","0"
"(2024 OF2)","2024-Aug-06 12:33 ± < 00:01","0.02626","0.02606","12.14","12.13","24.5","33 m -   74 m","0"
"(2024 OR1)","2024-Aug-06 13:11 ± < 00:01","0.02286","0.02272","8.44","8.42","25.1","26 m -   58 m","0"
"(2024 PL3)","2024-Aug-07 13:25 ± < 00:01","0.04579","0.04517","18.53","18.52","24.4","35 m -   79 m","0"
"(2021 CS9)","2024-Aug-07 13:46 ± 1_15:49","0.09350","0.08830","8.88","8.88","24.3","37 m -   82 m","0"
"(2024 PG4)","2024-Aug-07 19:16 ±    00:07","0.07704","0.07642","10.57","10.56","25.3","23 m -   52 m","0"
"(2019 QD8)","2024-Aug-07 19:53 ± < 00:01","0.06428","0.06428","12.00","12.00","22.3","92 m -  210 m","0"
"(2024 RZ3)","2024-Aug-07 23:58 ±    00:02","0.02429","0.02425","2.02","1.96","26.9","11 m -   25 m","0"
"(2024 PK4)","2024-Aug-08 06:52 ±    00:02","0.03599","0.03568","9.61","9.60","25.7","19 m -   43 m","0"
"(2024 PN1)","2024-Aug-08 08:31 ± < 00:01","0.01623","0.01619","8.58","8.56","25.6","21 m -   46 m","0"
"(2024 PW)","2024-Aug-08 11:26 ± < 00:01","0.08507","0.08313","28.05","28.05","21.9","110 m -  240 m","0"
"(2024 PT5)","2024-Aug-08 20:00 ± < 00:01","0.00379","0.00379","1.37","0.69","27.5","8.5 m -   19 m","0"
"(2024 PJ)","2024-Aug-09 00:00 ± < 00:01","0.08576","0.08515","14.69","14.69","23.7","48 m -  110 m","0"
"(2024 PH)","2024-Aug-09 12:21 ±    00:01","0.07952","0.07891","10.85","10.85","24.4","36 m -   80 m","0"
"(2024 PU3)","2024-Aug-09 17:09 ±    00:01","0.01298","0.01286","14.80","14.78","27.2","9.5 m -   21 m","0"
"(2024 PY3)","2024-Aug-10 02:57 ± < 00:01","0.04940","0.04907","15.13","15.13","23.9","44 m -  100 m","0"
"(2024 PP4)","2024-Aug-10 13:27 ±    00:01","0.02152","0.02140","21.65","21.64","25.6","20 m -   45 m","0"
"(2024 PK1)","2024-Aug-10 17:27 ± < 00:01","0.04329","0.04299","13.32","13.32","25.2","24 m -   53 m","0"
"(2024 PX3)","2024-Aug-11 08:44 ± < 00:01","0.00681","0.00680","9.67","9.63","26.0","17 m -   37 m","0"
"(2017 FK)","2024-Aug-11 10:05 ± 2_07:09","0.05817","0.04667","8.65","8.64","27.4","8.8 m -   20 m","0"
"(2024 PK2)","2024-Aug-11 18:30 ± < 00:01","0.00855","0.00853","8.58","8.54","25.5","21 m -   46 m","0"
"(2024 ON2)","2024-Aug-12 06:51 ± < 00:01","0.04501","0.04448","13.96","13.95","24.8","30 m -   66 m","0"
"(2024 OA3)","2024-Aug-12 16:55 ± < 00:01","0.05031","0.05021","26.43","26.43","22.6","80 m -  180 m","0"
"(2024 PR5)","2024-Aug-12 20:09 ± < 00:01","0.00349","0.00347","20.27","20.23","27.2","9.5 m -   21 m","0"
"(2024 OS)","2024-Aug-13 00:15 ±    00:01","0.05117","0.05068","6.98","6.97","25.5","21 m -   47 m","0"
"(2015 DB1)","2024-Aug-13 00:29 ± < 00:01","0.07874","0.07874","21.74","21.73","21.9","110 m -  250 m","0"
"(2024 RN)","2024-Aug-13 05:13 ±    00:03","0.02732","0.02730","5.31","5.29","25.5","21 m -   47 m","0"
"(2024 PS1)","2024-Aug-13 12:59 ± < 00:01","0.00912","0.00909","8.60","8.56","26.5","14 m -   30 m","0"
"(2024 QC1)","2024-Aug-14 00:24 ±    00:14","0.09451","0.09173","21.18","21.18","23.1","63 m -  140 m","0"
"(2024 PH2)","2024-Aug-14 08:04 ± < 00:01","0.01203","0.01201","10.22","10.20","25.7","20 m -   44 m","0"
"(2024 PO3)","2024-Aug-14 14:00 ±    00:04","0.01826","0.01821","7.78","7.76","27.4","9.0 m -   20 m","0"
"(2024 OB2)","2024-Aug-14 17:55 ± < 00:01","0.05104","0.05087","19.40","19.40","23.8","45 m -  100 m","0"
"(2024 QD)","2024-Aug-14 22:38 ± < 00:01","0.06195","0.06162","11.04","11.04","24.3","36 m -   81 m","0"
"(2024 RU7)","2024-Aug-15 00:53 ±    00:09","0.06367","0.06300","8.43","8.42","25.3","24 m -   53 m","0"
"(2024 PY5)","2024-Aug-15 03:14 ±    00:04","0.08092","0.08006","6.13","6.13","25.3","24 m -   53 m","0"
"(2024 PV3)","2024-Aug-15 09:15 ±    00:09","0.07941","0.07817","11.99","11.98","24.5","33 m -   74 m","0"
"(2021 PG)","2024-Aug-15 21:52 ± < 00:01","0.05441","0.05441","8.87","8.86","23.3","59 m -  130 m","0"
"(2022 QK)","2024-Aug-16 01:31 ± 3_16:08","0.08148","0.06000","7.41","7.40","25.8","18 m -   41 m","0"
"(2021 GY1)","2024-Aug-16 10:32 ± < 00:01","0.04519","0.04519","6.32","6.31","23.9","44 m -   98 m","0"
"(2018 FB2)","2024-Aug-16 19:36 ± 4_00:36","0.07685","0.05578","4.78","4.78","25.6","20 m -   45 m","0"
"(2024 PS3)","2024-Aug-16 22:23 ±    00:02","0.06322","0.06260","14.19","14.19","24.8","29 m -   64 m","0"
"(2024 QB)","2024-Aug-17 05:01 ±    00:17","0.05712","0.05669","8.61","8.61","24.9","28 m -   62 m","0"
"(2024 OY2)","2024-Aug-17 06:54 ± < 00:01","0.01099","0.01098","5.72","5.68","25.1","25 m -   56 m","0"
"(2024 QJ)","2024-Aug-18 02:35 ± < 00:01","0.01777","0.01774","2.93","2.88","27.0","11 m -   24 m","0"
"(2024 RG5)","2024-Aug-18 11:47 ±    00:14","0.07460","0.07407","3.06","3.05","26.5","13 m -   30 m","0"
"(2024 QO)","2024-Aug-18 17:22 ± < 00:01","0.02321","0.02306","7.33","7.32","24.4","35 m -   78 m","0"
"(2024 QH)","2024-Aug-18 17:28 ± < 00:01","0.03028","0.03015","9.45","9.44","24.9","28 m -   63 m","0"
"(2024 RW3)","2024-Aug-18 20:38 ±    00:14","0.01817","0.01789","5.47","5.44","27.3","9.4 m -   21 m","0"
"(2024 QW)","2024-Aug-19 08:03 ±    00:04","0.05211","0.05162","11.54","11.54","25.3","23 m -   51 m","0"
"(2024 RP74)","2024-Aug-20 00:23 ±    09:59","0.08141","0.05970","6.13","6.13","26.0","17 m -   38 m","0"
"(2024 QY)","2024-Aug-20 07:58 ± < 00:01","0.05326","0.05296","11.28","11.28","25.4","22 m -   48 m","0"
"(2024 PQ5)","2024-Aug-20 08:14 ± < 00:01","0.03456","0.03441","12.57","12.56","24.5","33 m -   73 m","0"
"(2024 RT)","2024-Aug-21 14:51 ±    00:06","0.03697","0.03672","16.70","16.70","24.8","29 m -   65 m","0"
"(2024 RK2)","2024-Aug-21 15:35 ±    00:03","0.01986","0.01974","2.87","2.82","27.8","7.4 m -   17 m","0"
"(2024 RD)","2024-Aug-21 18:43 ±    00:02","0.00342","0.00341","5.01","4.85","26.8","12 m -   26 m","0"
"(2024 QL2)","2024-Aug-21 22:03 ±    00:02","0.02000","0.01993","7.49","7.48","25.9","18 m -   39 m","0"
"(2024 PQ4)","2024-Aug-21 22:18 ± < 00:01","0.07120","0.07066","20.93","20.93","23.6","51 m -  110 m","0"
"354182 (2002 DU3)","2024-Aug-22 08:32 ± < 00:01","0.09242","0.09242","7.60","7.59","20.8","190 m -  420 m","0"
"(2024 RL)","2024-Aug-22 17:00 ± < 00:01","0.06375","0.06355","7.88","7.88","25.1","25 m -   57 m","0"
"(2024 RP3)","2024-Aug-23 03:52 ±    00:05","0.02174","0.02154","11.19","11.17","25.9","17 m -   38 m","0"
"(2017 DE)","2024-Aug-23 04:06 ± 2_04:30","0.09708","0.03737","15.81","15.81","23.3","58 m -  130 m","0"
"(2024 RM12)","2024-Aug-23 04:21 ±    00:39","0.09307","0.09232","4.87","4.86","25.2","25 m -   55 m","0"
"(2024 PR4)","2024-Aug-23 07:07 ± < 00:01","0.05235","0.05231","5.70","5.69","24.6","32 m -   72 m","0"
"(2005 QB5)","2024-Aug-23 08:28 ± < 00:01","0.07119","0.07119","11.96","11.95","23.7","48 m -  110 m","0"
"(2020 QW3)","2024-Aug-23 13:53 ± 3_12:53","0.07158","0.00796","18.24","18.24","25.4","22 m -   49 m","0"
"(2024 RH16)","2024-Aug-23 15:37 ±    00:04","0.02665","0.02644","10.92","10.91","25.8","18 m -   41 m","0"
"(2024 QJ2)","2024-Aug-24 00:27 ±    00:05","0.02024","0.02006","8.48","8.47","24.4","35 m -   78 m","0"
"(2024 QT)","2024-Aug-24 01:05 ± < 00:01","0.00816","0.00815","6.37","6.32","27.9","6.9 m -   15 m","0"
"(2024 RK4)","2024-Aug-24 15:53 ±    00:27","0.07239","0.07183","6.01","6.01","25.5","21 m -   48 m","0"
"(2024 QF)","2024-Aug-24 16:41 ± < 00:01","0.01419","0.01416","12.00","11.98","26.4","14 m -   31 m","0"
"(2015 SW6)","2024-Aug-24 17:33 ± < 00:01","0.07929","0.07929","9.22","9.21","24.4","34 m -   77 m","0"
"(2024 QN)","2024-Aug-24 21:59 ± < 00:01","0.00499","0.00499","7.92","7.85","26.4","14 m -   31 m","0"
"(2023 QR1)","2024-Aug-24 23:57 ±    00:52","0.05974","0.05855","6.35","6.35","27.3","9.4 m -   21 m","0"
"(2024 RQ1)","2024-Aug-25 00:12 ±    00:07","0.02901","0.02882","10.85","10.85","25.8","19 m -   42 m","0"
"(2024 PM3)","2024-Aug-25 01:43 ±    00:03","0.09673","0.09629","4.25","4.25","25.7","19 m -   43 m","0"
"(2024 RC1)","2024-Aug-25 05:50 ±    00:03","0.08881","0.08705","10.88","10.88","23.6","50 m -  110 m","0"
"(2024 QR1)","2024-Aug-25 10:37 ±    00:05","0.09776","0.09626","15.06","15.06","23.8","45 m -  100 m","0"
"(2024 QL1)","2024-Aug-25 13:46 ± < 00:01","0.00710","0.00710","4.12","4.03","27.5","8.3 m -   19 m","0"
"(2024 RE)","2024-Aug-25 16:11 ± < 00:01","0.03038","0.03026","6.64","6.63","23.4","55 m -  120 m","0"
"(2024 RZ)","2024-Aug-26 04:18 ± < 00:01","0.03836","0.03822","14.01","14.01","25.3","23 m -   52 m","0"
"(2024 RY8)","2024-Aug-26 10:47 ±    00:03","0.08026","0.07863","11.18","11.18","24.7","30 m -   68 m","0"
"(2024 QT1)","2024-Aug-26 13:31 ± < 00:01","0.01559","0.01553","8.18","8.16","27.6","7.9 m -   18 m","0"
"(2020 RL)","2024-Aug-27 00:55 ± 1_08:36","0.03129","0.02241","8.22","8.21","25.1","25 m -   57 m","0"
"(2024 RH10)","2024-Aug-27 06:39 ±    00:07","0.04504","0.04446","13.15","13.15","23.9","44 m -   99 m","0"
"(2024 MZ)","2024-Aug-27 15:15 ± < 00:01","0.07914","0.07912","8.27","8.26","23.0","67 m -  150 m","0"
"(2022 SN1)","2024-Aug-27 19:01 ± 5_09:08","0.09014","0.07514","8.60","8.59","28.4","5.5 m -   12 m","0"
"(2024 NU1)","2024-Aug-27 22:13 ± < 00:01","0.08151","0.08150","3.31","3.30","24.1","41 m -   91 m","0"
"(2024 RK10)","2024-Aug-28 02:04 ±    00:27","0.03686","0.03629","10.80","10.79","25.4","23 m -   50 m","0"
"(2024 QQ)","2024-Aug-28 03:24 ± < 00:01","0.00794","0.00793","4.89","4.82","27.6","8.2 m -   18 m","0"
"(2024 QK)","2024-Aug-28 04:23 ± < 00:01","0.04853","0.04833","12.67","12.67","24.2","39 m -   86 m","0"
"(2024 RH1)","2024-Aug-28 07:44 ± < 00:01","0.04241","0.04209","8.11","8.10","26.4","14 m -   31 m","0"
"(2024 RB1)","2024-Aug-28 08:28 ±    00:05","0.08765","0.08723","5.42","5.41","25.5","21 m -   48 m","0"
"(2024 QW1)","2024-Aug-28 13:43 ± < 00:01","0.01855","0.01851","4.30","4.26","27.9","6.8 m -   15 m","0"
"(2021 RA10)","2024-Aug-28 19:17 ± 9_19:36","0.01745","0.00782","4.86","4.83","25.4","22 m -   49 m","0"
"(2024 RK5)","2024-Aug-28 19:49 ±    00:01","0.09134","0.08925","17.19","17.19","23.7","48 m -  110 m","0"
"(2024 TG1)","2024-Aug-29 00:55 ±    20:20","0.07845","0.07588","8.37","8.37","24.4","35 m -   79 m","0"
"(2024 QL)","2024-Aug-29 04:00 ± < 00:01","0.00785","0.00784","10.67","10.64","27.1","10 m -   23 m","0"
"(2024 QK2)","2024-Aug-29 04:15 ± < 00:01","0.01035","0.01032","9.27","9.24","25.6","20 m -   45 m","0"
"(2018 EC1)","2024-Aug-29 04:31 ±    23:36","0.08468","0.07238","9.95","9.95","26.2","15 m -   34 m","0"
"(2023 XN13)","2024-Aug-29 06:57 ±    02:11","0.08913","0.08876","1.91","1.89","28.2","6.2 m -   14 m","0"
"(2024 QU1)","2024-Aug-29 14:55 ± < 00:01","0.00904","0.00899","18.73","18.72","26.7","12 m -   27 m","0"
"(2012 SX49)","2024-Aug-29 20:20 ± 4_01:41","0.02865","0.02081","4.28","4.26","26.2","15 m -   34 m","0"
"(2024 RZ4)","2024-Aug-29 21:02 ±    00:02","0.04172","0.04116","15.77","15.77","25.2","24 m -   55 m","0"
"(2024 RJ3)","2024-Aug-30 00:24 ±    00:02","0.05433","0.05408","6.37","6.37","25.6","20 m -   46 m","0"
"(2024 RM1)","2024-Aug-30 05:05 ± < 00:01","0.05996","0.05958","22.57","22.57","23.3","59 m -  130 m","0"
"(2018 VC)","2024-Aug-30 13:10 ± < 00:01","0.09172","0.09171","3.93","3.92","26.3","14 m -   32 m","0"
"(2024 QA2)","2024-Aug-30 16:44 ± < 00:01","0.01673","0.01670","13.53","13.52","25.0","26 m -   59 m","0"
"(2024 RG4)","2024-Aug-30 18:58 ±    00:01","0.04158","0.04131","19.96","19.96","25.2","25 m -   55 m","0"
"(2016 RJ20)","2024-Aug-30 22:12 ± < 00:01","0.04672","0.04672","14.78","14.78","23.6","51 m -  110 m","0"
"(2024 RX47)","2024-Aug-31 05:36 ± < 00:01","0.05794","0.05788","7.66","7.65","24.1","40 m -   89 m","0"
"(2024 QB2)","2024-Aug-31 05:56 ± < 00:01","0.01075","0.01071","6.78","6.74","28.4","5.6 m -   13 m","0"
"(2024 RK3)","2024-Aug-31 07:41 ± < 00:01","0.04550","0.04537","9.60","9.60","25.1","26 m -   58 m","0"
"(2024 RY1)","2024-Aug-31 10:25 ± < 00:01","0.05823","0.05773","22.46","22.46","23.2","60 m -  130 m","0"
"(2024 RF32)","2024-Aug-31 12:29 ±    00:04","0.03973","0.03942","11.01","11.00","25.1","26 m -   57 m","0"
"(2024 RN2)","2024-Aug-31 16:40 ± < 00:01","0.01752","0.01746","8.29","8.27","27.5","8.5 m -   19 m","0"
"(2024 RP1)","2024-Aug-31 19:36 ± < 00:01","0.00317","0.00317","6.39","6.26","29.3","3.7 m -  8.3 m","0"
"(2024 RO14)","2024-Aug-31 21:05 ±    00:29","0.01876","0.01848","10.60","10.59","24.2","39 m -   86 m","0"
"(2021 RB16)","2024-Aug-31 22:06 ± < 00:01","0.02911","0.02910","8.08","8.07","26.9","11 m -   25 m","0"
"(2024 RK)","2024-Aug-31 23:30 ± < 00:01","0.02763","0.02744","8.16","8.15","26.7","12 m -   28 m","0"
"(2024 QM1)","2024-Sep-01 02:01 ± < 00:01","0.01244","0.01241","12.94","12.92","26.2","15 m -   34 m","0"
"(2024 RK1)","2024-Sep-01 07:06 ± < 00:01","0.02118","0.02112","7.54","7.52","26.7","12 m -   27 m","0"
"(2024 RV30)","2024-Sep-01 12:26 ± < 00:01","0.00714","0.00713","3.87","3.77","27.4","8.7 m -   19 m","0"
"(2024 QK1)","2024-Sep-01 15:51 ± < 00:01","0.02132","0.02128","7.88","7.86","25.3","23 m -   52 m","0"
"(2021 JT)","2024-Sep-01 18:17 ± 4_11:53","0.04186","0.03815","8.20","8.19","27.3","9.0 m -   20 m","0"
"(2024 RC31)","2024-Sep-01 18:23 ±    08:17","0.00690","0.00674","8.00","7.95","26.8","11 m -   26 m","0"
"(2024 RR8)","2024-Sep-02 06:56 ±    00:05","0.00252","0.00252","14.56","14.49","28.3","5.7 m -   13 m","0"
"(2024 RU13)","2024-Sep-02 07:03 ± < 00:01","0.08081","0.08071","9.53","9.52","23.4","57 m -  130 m","0"
"(2024 RW9)","2024-Sep-02 08:12 ±    00:05","0.04265","0.04223","29.02","29.01","25.0","27 m -   61 m","0"
"(2007 RX8)","2024-Sep-02 09:11 ± < 00:01","0.04795","0.04795","6.97","6.96","24.5","33 m -   74 m","0"
"(2012 FO35)","2024-Sep-02 15:18 ± < 00:01","0.06138","0.06138","14.50","14.50","23.6","51 m -  110 m","0"
"(2024 RP7)","2024-Sep-02 21:33 ± < 00:01","0.00211","0.00211","6.52","6.32","30.3","2.4 m -  5.3 m","0"
"(2024 RS1)","2024-Sep-03 09:47 ± < 00:01","0.00603","0.00602","14.17","14.14","26.3","15 m -   33 m","0"
"(2024 SK2)","2024-Sep-03 13:55 ± < 00:01","0.02158","0.02156","6.55","6.53","25.3","24 m -   53 m","0"
"(2024 PJ1)","2024-Sep-03 19:04 ± < 00:01","0.06357","0.06349","5.30","5.29","24.6","33 m -   73 m","0"
"(2024 RR1)","2024-Sep-03 21:40 ± < 00:01","0.01686","0.01682","8.73","8.71","25.6","20 m -   45 m","0"
"(2024 RL1)","2024-Sep-03 21:48 ± < 00:01","0.05095","0.05056","10.43","10.42","25.2","24 m -   54 m","0"
"(2024 RA5)","2024-Sep-03 22:16 ± < 00:01","0.01727","0.01725","3.13","3.08","28.9","4.4 m -  9.9 m","0"
"(2024 SZ6)","2024-Sep-03 22:31 ±    00:03","0.09705","0.09604","8.84","8.83","24.3","36 m -   81 m","0"
"(2024 QV1)","2024-Sep-03 23:37 ± < 00:01","0.01404","0.01402","13.30","13.29","24.8","30 m -   66 m","0"
"(2024 QU)","2024-Sep-04 00:48 ± < 00:01","0.03038","0.03035","6.41","6.40","24.9","28 m -   63 m","0"
"(2024 RZ2)","2024-Sep-04 02:59 ± < 00:01","0.00174","0.00174","7.40","7.19","28.6","5.1 m -   11 m","0"
"(2024 QE2)","2024-Sep-04 08:15 ± < 00:01","0.00499","0.00499","8.23","8.17","27.4","8.6 m -   19 m","0"
"(2024 RS3)","2024-Sep-04 09:26 ±    00:04","0.05872","0.05816","10.11","10.10","26.2","15 m -   34 m","0"
"(2024 RB)","2024-Sep-04 09:57 ± < 00:01","0.00790","0.00789","11.35","11.32","27.5","8.2 m -   18 m","0"
"(2024 RW2)","2024-Sep-04 16:15 ± < 00:01","0.01118","0.01116","8.28","8.25","25.6","21 m -   46 m","0"
"(2021 RS2)","2024-Sep-04 16:27 ±    09:03","0.06605","0.05847","18.30","18.30","30.4","2.3 m -  5.1 m","0"
"(2024 OW)","2024-Sep-04 21:33 ± < 00:01","0.08814","0.08811","7.81","7.80","22.7","77 m -  170 m","0"
"(2024 RQ10)","2024-Sep-05 03:36 ±    00:01","0.00891","0.00887","9.93","9.90","27.8","7.2 m -   16 m","0"
"(2024 RB6)","2024-Sep-05 04:05 ±    00:02","0.01400","0.01395","7.56","7.54","27.7","7.6 m -   17 m","0"
"(2024 RJ2)","2024-Sep-05 04:33 ± < 00:01","0.02709","0.02702","15.93","15.93","23.6","51 m -  110 m","0"
"(2024 RC3)","2024-Sep-05 06:38 ± < 00:01","0.04793","0.04766","11.79","11.78","25.3","23 m -   51 m","0"
"(2024 RG2)","2024-Sep-05 10:06 ± < 00:01","0.03848","0.03836","16.63","16.63","25.4","22 m -   50 m","0"
"(2024 RC13)","2024-Sep-05 11:16 ±    00:06","0.00603","0.00601","7.06","7.00","28.4","5.5 m -   12 m","0"
"(2024 RN11)","2024-Sep-06 01:07 ± < 00:01","0.03165","0.03137","13.11","13.11","25.9","17 m -   39 m","0"
"(2024 RS25)","2024-Sep-06 03:38 ±    00:03","0.01912","0.01888","9.26","9.25","26.9","11 m -   24 m","0"
"(2024 RL2)","2024-Sep-06 09:02 ± < 00:01","0.00702","0.00700","11.04","11.01","28.4","5.5 m -   12 m","0"
"(2024 RF)","2024-Sep-06 13:48 ± < 00:01","0.03172","0.03150","7.86","7.85","26.8","12 m -   26 m","0"
"(2024 PJ2)","2024-Sep-06 15:50 ± < 00:01","0.08773","0.08770","7.95","7.94","22.0","100 m -  230 m","0"
"(2024 RH3)","2024-Sep-06 20:04 ± < 00:01","0.00720","0.00718","11.15","11.12","28.1","6.4 m -   14 m","0"
"(2024 RD13)","2024-Sep-06 21:26 ±    00:47","0.02702","0.02568","17.42","17.42","26.5","13 m -   29 m","0"
"(2020 VH)","2024-Sep-07 01:03 ±    05:34","0.05770","0.05360","5.48","5.47","28.5","5.3 m -   12 m","0"
"(2024 RC)","2024-Sep-07 04:50 ±    00:01","0.05117","0.05113","1.63","1.60","27.5","8.4 m -   19 m","0"
"(2024 RW8)","2024-Sep-07 07:37 ± < 00:01","0.00644","0.00643","9.42","9.38","26.4","14 m -   32 m","0"
"(2024 RW12)","2024-Sep-07 09:19 ± < 00:01","0.05584","0.05573","13.91","13.91","22.9","69 m -  150 m","0"
"(2024 RH6)","2024-Sep-07 10:36 ±    00:01","0.00144","0.00143","10.70","10.53","28.6","5.2 m -   12 m","0"
"(2024 RF4)","2024-Sep-07 14:27 ±    00:03","0.04063","0.04024","12.72","12.72","25.4","22 m -   48 m","0"
"(2024 RH4)","2024-Sep-07 14:29 ± < 00:01","0.08248","0.08187","13.67","13.67","25.0","27 m -   59 m","0"
"(2024 RU12)","2024-Sep-07 15:43 ± < 00:01","0.04069","0.04043","16.58","16.57","24.6","31 m -   70 m","0"
"(2024 SW5)","2024-Sep-07 17:03 ±    00:35","0.04208","0.04155","8.03","8.02","26.0","17 m -   38 m","0"
"(2024 QM)","2024-Sep-07 18:36 ± < 00:01","0.07320","0.07292","8.17","8.17","23.7","49 m -  110 m","0"
"(2024 RB3)","2024-Sep-07 18:47 ± < 00:01","0.00463","0.00462","13.81","13.77","27.7","7.7 m -   17 m","0"
"(2024 PS13)","2024-Sep-07 21:04 ± < 00:01","0.06989","0.06988","6.12","6.12","24.7","31 m -   70 m","0"
"(2024 RE16)","2024-Sep-07 22:29 ± < 00:01","0.00856","0.00851","21.97","21.96","27.2","9.8 m -   22 m","0"
"(2024 RV12)","2024-Sep-07 23:51 ± < 00:01","0.01085","0.01082","11.93","11.91","26.0","16 m -   37 m","0"
"(2024 RF10)","2024-Sep-08 00:04 ± < 00:01","0.00393","0.00391","8.90","8.82","27.6","7.9 m -   18 m","0"
"(2022 SR)","2024-Sep-08 02:30 ± < 00:01","0.02513","0.02513","6.41","6.39","24.6","32 m -   70 m","0"
"(2024 RW15)","2024-Sep-08 03:36 ± < 00:01","0.00887","0.00884","6.53","6.48","27.7","7.7 m -   17 m","0"
"(2024 PL1)","2024-Sep-08 06:54 ± < 00:01","0.06106","0.06102","10.40","10.39","22.6","82 m -  180 m","0"
"(2024 RN43)","2024-Sep-08 09:33 ±    00:02","0.02156","0.02139","9.11","9.10","25.2","24 m -   53 m","0"
"(2024 RU8)","2024-Sep-08 11:07 ± < 00:01","0.03092","0.03080","14.10","14.09","24.0","42 m -   94 m","0"
"(2024 RY13)","2024-Sep-08 11:32 ± < 00:01","0.00793","0.00792","3.20","3.10","29.6","3.3 m -  7.3 m","0"
"(2024 RH7)","2024-Sep-08 17:24 ± < 00:01","0.00109","0.00109","13.94","13.76","29.8","2.9 m -  6.5 m","0"
"(2024 RC16)","2024-Sep-08 17:31 ± < 00:01","0.00560","0.00559","18.33","18.31","27.8","7.3 m -   16 m","0"
"(2024 RF2)","2024-Sep-08 23:06 ± < 00:01","0.01017","0.01016","11.45","11.43","25.2","25 m -   55 m","0"
"(2024 RX7)","2024-Sep-09 00:38 ± < 00:01","0.03385","0.03358","12.48","12.47","26.1","16 m -   36 m","0"
"(2024 QS)","2024-Sep-09 00:39 ± < 00:01","0.03104","0.03094","9.30","9.29","24.6","31 m -   70 m","0"
"(2024 RN1)","2024-Sep-09 04:30 ± < 00:01","0.00928","0.00925","16.55","16.53","26.3","15 m -   33 m","0"
"(2024 RH9)","2024-Sep-09 05:48 ±    00:05","0.07094","0.07019","7.01","7.00","26.1","16 m -   36 m","0"
"(2019 GJ4)","2024-Sep-09 06:46 ±    00:03","0.09804","0.09802","7.66","7.66","26.0","17 m -   37 m","0"
"(2024 RK8)","2024-Sep-09 10:05 ± < 00:01","0.00950","0.00949","5.52","5.46","26.7","12 m -   28 m","0"
"(2024 RJ34)","2024-Sep-09 14:14 ±    00:07","0.07186","0.07111","4.49","4.48","25.6","20 m -   45 m","0"
"(2024 RE1)","2024-Sep-09 14:47 ± < 00:01","0.02309","0.02301","13.23","13.22","25.5","21 m -   46 m","0"
"(2023 SP2)","2024-Sep-09 14:50 ±    03:40","0.03916","0.03497","4.17","4.16","28.2","6.0 m -   13 m","0"
"(2024 RJ)","2024-Sep-09 15:02 ± < 00:01","0.01363","0.01359","11.90","11.88","26.5","14 m -   30 m","0"
"(2024 RS16)","2024-Sep-09 15:35 ±    00:08","0.00170","0.00169","11.49","11.35","29.2","3.9 m -  8.7 m","0"
"(2024 PM6)","2024-Sep-09 16:25 ± < 00:01","0.03577","0.03575","9.05","9.04","24.1","39 m -   88 m","0"
"(2024 SO9)","2024-Sep-09 19:22 ±    01:04","0.07453","0.07299","9.95","9.95","23.1","65 m -  140 m","0"
"(2024 RN3)","2024-Sep-09 19:55 ± < 00:01","0.00457","0.00457","9.24","9.17","26.5","13 m -   30 m","0"
"(2020 PM7)","2024-Sep-10 00:16 ± < 00:01","0.07627","0.07627","10.37","10.37","22.3","92 m -  210 m","0"
"(2024 RH13)","2024-Sep-10 00:28 ±    00:15","0.04308","0.04253","7.14","7.13","27.4","8.8 m -   20 m","0"
"(2024 SW1)","2024-Sep-10 02:49 ±    00:13","0.02794","0.02744","13.30","13.29","25.1","26 m -   58 m","0"
"(2024 RG7)","2024-Sep-10 05:25 ± < 00:01","0.05053","0.05027","12.45","12.45","24.6","32 m -   72 m","0"
"(2024 PZ5)","2024-Sep-10 06:47 ± < 00:01","0.08821","0.08803","11.14","11.13","23.3","58 m -  130 m","0"
"(2024 RJ12)","2024-Sep-10 07:17 ± < 00:01","0.00449","0.00449","5.35","5.24","27.7","7.5 m -   17 m","0"
"(2024 RW13)","2024-Sep-10 10:15 ± < 00:01","0.00275","0.00274","22.30","22.26","27.1","10 m -   23 m","0"
"(2024 RH)","2024-Sep-10 15:25 ± < 00:01","0.04285","0.04260","11.36","11.35","25.6","20 m -   45 m","0"
"(2024 RU15)","2024-Sep-10 15:26 ±    00:02","0.08858","0.08721","11.60","11.60","25.6","20 m -   45 m","0"
"(2024 RM3)","2024-Sep-10 15:52 ± < 00:01","0.01228","0.01227","6.15","6.12","26.5","14 m -   30 m","0"
"(2024 RP12)","2024-Sep-10 18:59 ±    00:03","0.07118","0.07003","7.46","7.46","24.1","40 m -   89 m","0"
"(2024 RX13)","2024-Sep-11 02:38 ± < 00:01","0.00057","0.00057","5.59","4.69","31.1","1.6 m -  3.6 m","0"
"(2024 RY3)","2024-Sep-11 03:00 ± < 00:01","0.00903","0.00900","14.14","14.12","27.0","11 m -   24 m","0"
"(2024 RW4)","2024-Sep-11 12:57 ± < 00:01","0.02213","0.02212","5.13","5.11","25.0","27 m -   61 m","0"
"(2016 TU19)","2024-Sep-11 14:00 ±    13:46","0.03389","0.01742","10.06","10.05","24.4","35 m -   78 m","0"
"(2017 RX2)","2024-Sep-11 16:55 ± 1_11:23","0.08464","0.07664","11.04","11.04","26.6","13 m -   29 m","0"
"(2024 RO1)","2024-Sep-11 17:10 ± < 00:01","0.02341","0.02332","9.42","9.41","25.9","18 m -   39 m","0"
"(2024 SF1)","2024-Sep-11 17:46 ± < 00:01","0.06992","0.06955","9.25","9.24","24.6","33 m -   73 m","0"
"(2024 RM16)","2024-Sep-11 18:26 ± < 00:01","0.01725","0.01719","11.62","11.61","26.1","16 m -   35 m","0"
"(2024 RL8)","2024-Sep-11 22:39 ± < 00:01","0.00287","0.00286","13.32","13.25","27.5","8.6 m -   19 m","0"
"(2024 RH2)","2024-Sep-12 04:10 ± < 00:01","0.01999","0.01998","4.23","4.19","25.0","26 m -   59 m","0"
"(2024 RT12)","2024-Sep-12 07:05 ± < 00:01","0.02621","0.02616","7.40","7.39","26.0","17 m -   38 m","0"
"(2024 RL16)","2024-Sep-12 07:58 ±    00:03","0.04974","0.04951","5.04","5.03","26.0","17 m -   37 m","0"
"(2024 RF3)","2024-Sep-12 08:04 ±    00:07","0.01208","0.01199","6.48","6.44","27.3","9.3 m -   21 m","0"
"(2024 RO)","2024-Sep-12 09:48 ±    00:04","0.07815","0.07758","7.50","7.49","25.1","25 m -   55 m","0"
"(2022 DA3)","2024-Sep-12 17:07 ±    12:32","0.09120","0.07960","12.37","12.37","27.9","7.2 m -   16 m","0"
"(2024 RJ29)","2024-Sep-12 17:40 ± < 00:01","0.02564","0.02557","9.96","9.95","25.8","18 m -   41 m","0"
"(2024 RL4)","2024-Sep-12 18:07 ± < 00:01","0.03220","0.03195","16.80","16.79","25.9","18 m -   40 m","0"
"(2024 RC42)","2024-Sep-12 19:32 ± < 00:01","0.00014","0.00014","9.59","7.42","32.3","0.91 m -  2.0 m","0"
"(2024 RM7)","2024-Sep-13 02:18 ±    00:04","0.09660","0.09602","5.71","5.71","24.9","28 m -   63 m","0"
"(2024 SF3)","2024-Sep-13 03:36 ±    00:04","0.05044","0.04945","7.10","7.09","25.7","19 m -   43 m","0"
"(2013 CS83)","2024-Sep-13 08:25 ± < 00:01","0.07294","0.07294","22.22","22.22","22.1","100 m -  230 m","0"
"(2024 RH32)","2024-Sep-13 10:19 ± < 00:01","0.00357","0.00357","14.36","14.31","27.3","9.3 m -   21 m","0"
"(2024 RB11)","2024-Sep-13 20:19 ± < 00:01","0.01238","0.01236","10.22","10.20","27.0","11 m -   24 m","0"
"(2024 RZ10)","2024-Sep-13 22:13 ±    00:02","0.03579","0.03554","10.94","10.93","25.1","25 m -   57 m","0"
"(2023 RA10)","2024-Sep-13 22:24 ±    00:04","0.05750","0.05743","4.76","4.75","28.8","4.6 m -   10 m","0"
"(2024 RL10)","2024-Sep-14 00:24 ± < 00:01","0.00997","0.00996","5.72","5.68","27.5","8.4 m -   19 m","0"
"(2024 RB16)","2024-Sep-14 05:42 ±    00:03","0.04709","0.04682","7.52","7.52","25.9","17 m -   39 m","0"
"(2024 RB13)","2024-Sep-14 07:05 ± < 00:01","0.01413","0.01403","9.82","9.80","28.2","6.2 m -   14 m","0"
"(2024 RN16)","2024-Sep-14 08:47 ± < 00:01","0.01123","0.01120","29.07","29.06","25.1","26 m -   57 m","0"
"(2024 RA13)","2024-Sep-14 12:10 ±    00:02","0.07329","0.07251","11.50","11.50","24.3","37 m -   82 m","0"
"(2010 SP3)","2024-Sep-14 15:20 ± < 00:01","0.01345","0.01345","17.54","17.52","24.9","28 m -   63 m","0"
"(2024 RK13)","2024-Sep-14 21:05 ± < 00:01","0.00684","0.00684","5.58","5.51","28.4","5.6 m -   13 m","0"
"(2024 RT3)","2024-Sep-15 00:01 ± < 00:01","0.04181","0.04151","9.56","9.55","26.0","17 m -   37 m","0"
"(2024 RD42)","2024-Sep-15 04:01 ±    00:01","0.08574","0.08536","6.15","6.14","25.0","26 m -   59 m","0"
"(2024 RM10)","2024-Sep-15 04:09 ± < 00:01","0.01332","0.01331","6.58","6.55","25.9","18 m -   39 m","0"
"(2024 RQ5)","2024-Sep-15 05:58 ± < 00:01","0.00288","0.00288","5.92","5.76","28.0","6.6 m -   15 m","0"
"(2024 SD5)","2024-Sep-15 10:46 ±    00:10","0.03550","0.03532","9.50","9.49","26.0","17 m -   38 m","0"
"(2024 RS4)","2024-Sep-15 17:13 ±    00:03","0.01673","0.01662","10.50","10.49","26.3","14 m -   32 m","0"
"(2024 RX4)","2024-Sep-15 19:02 ±    00:25","0.06874","0.06848","4.62","4.61","25.9","17 m -   39 m","0"
"(2024 SM6)","2024-Sep-15 20:45 ±    00:04","0.02970","0.02935","14.41","14.40","25.0","26 m -   59 m","0"
"(2019 DJ1)","2024-Sep-15 22:23 ± < 00:01","0.02671","0.02671","4.86","4.84","26.8","12 m -   26 m","0"
"(2024 RA3)","2024-Sep-16 03:18 ±    00:02","0.07416","0.07314","9.93","9.92","24.5","34 m -   75 m","0"
"(2024 RJ10)","2024-Sep-16 15:00 ± < 00:01","0.05610","0.05542","13.30","13.29","24.3","36 m -   80 m","0"
"(2015 TG24)","2024-Sep-16 18:20 ± 4_14:50","0.07982","0.07889","8.36","8.36","26.7","12 m -   27 m","0"
"(2008 TP26)","2024-Sep-16 20:08 ± < 00:01","0.09053","0.09053","11.09","11.09","23.8","46 m -  100 m","0"
"(2024 SX2)","2024-Sep-17 02:58 ±    00:04","0.02961","0.02908","12.32","12.32","23.7","47 m -  110 m","0"
"(2024 RJ4)","2024-Sep-17 09:41 ± < 00:01","0.08503","0.08482","9.10","9.09","25.1","25 m -   56 m","0"
"(2024 RY10)","2024-Sep-17 15:31 ± < 00:01","0.01188","0.01181","5.29","5.25","26.7","12 m -   27 m","0"
"(2024 RR16)","2024-Sep-17 16:55 ±    00:15","0.03883","0.03847","8.61","8.61","26.6","13 m -   28 m","0"
"(2018 GY3)","2024-Sep-17 22:14 ±    00:15","0.06050","0.06014","12.89","12.88","27.6","8.0 m -   18 m","0"
"(2024 RZ13)","2024-Sep-18 03:43 ±    00:01","0.04249","0.04197","8.65","8.64","26.7","12 m -   27 m","0"
"(2024 RX2)","2024-Sep-18 07:39 ± < 00:01","0.06258","0.06252","9.85","9.84","22.5","85 m -  190 m","0"
"(2024 RJ13)","2024-Sep-18 10:49 ± < 00:01","0.02730","0.02694","13.08","13.07","26.2","15 m -   34 m","0"
"(2024 RH8)","2024-Sep-18 12:29 ± < 00:01","0.02159","0.02151","17.45","17.45","24.4","34 m -   77 m","0"
"(2022 SW3)","2024-Sep-19 03:39 ± < 00:01","0.01700","0.01700","9.19","9.18","24.9","28 m -   62 m","0"
"(2024 TJ3)","2024-Sep-19 08:47 ±    00:10","0.08449","0.08343","17.50","17.50","22.7","76 m -  170 m","0"
"(2015 SH)","2024-Sep-19 12:31 ± 4_07:03","0.02974","0.00429","5.87","5.86","28.1","6.4 m -   14 m","0"
"(2024 RN12)","2024-Sep-19 19:24 ±    00:05","0.05709","0.05636","19.46","19.46","25.0","26 m -   58 m","0"
"(2024 SX4)","2024-Sep-19 19:55 ±    00:18","0.02839","0.02815","4.60","4.58","25.6","20 m -   44 m","0"
"(2024 SF2)","2024-Sep-19 21:42 ± < 00:01","0.01942","0.01939","6.27","6.24","24.3","37 m -   84 m","0"
"(2024 RJ1)","2024-Sep-20 01:25 ± < 00:01","0.03934","0.03922","8.90","8.89","24.6","32 m -   71 m","0"
"(2024 SO4)","2024-Sep-20 01:57 ±    00:03","0.00817","0.00812","9.97","9.94","26.4","14 m -   31 m","0"
"(2024 SK8)","2024-Sep-20 02:51 ±    00:12","0.02504","0.02483","13.47","13.46","25.0","27 m -   60 m","0"
"(2024 RD15)","2024-Sep-20 05:28 ±    00:03","0.04784","0.04675","8.18","8.18","26.7","12 m -   27 m","0"
"(2024 RH14)","2024-Sep-20 07:44 ± < 00:01","0.01856","0.01845","11.72","11.71","26.2","15 m -   34 m","0"
"(2023 SZ)","2024-Sep-20 11:28 ±    01:12","0.05430","0.05344","4.95","4.94","25.9","18 m -   40 m","0"
"(2024 TS)","2024-Sep-20 12:20 ±    00:39","0.06687","0.06626","7.04","7.04","25.2","24 m -   55 m","0"
"(2024 RB10)","2024-Sep-20 15:26 ± < 00:01","0.04862","0.04833","12.76","12.75","23.4","55 m -  120 m","0"
"(2024 QV5)","2024-Sep-20 15:47 ±    00:02","0.03568","0.03546","10.65","10.64","25.1","26 m -   58 m","0"
"(2024 RB22)","2024-Sep-20 18:12 ± < 00:01","0.02208","0.02206","2.78","2.73","24.6","32 m -   72 m","0"
"(2023 RX1)","2024-Sep-20 18:21 ±    08:20","0.02597","0.02580","1.11","1.02","30.3","2.4 m -  5.3 m","0"
"(2008 SC)","2024-Sep-20 18:30 ± < 00:01","0.07866","0.07866","25.83","25.83","21.7","120 m -  270 m","0"
"(2024 SN3)","2024-Sep-20 21:39 ± < 00:01","0.01066","0.01062","9.50","9.47","26.8","11 m -   26 m","0"
"(2018 VG)","2024-Sep-20 23:43 ± 1_11:28","0.03429","0.03355","7.26","7.25","27.4","8.8 m -   20 m","0"
"(2024 SA)","2024-Sep-21 00:35 ± < 00:01","0.05152","0.05140","9.75","9.75","22.9","70 m -  160 m","0"
"(2024 SB2)","2024-Sep-21 02:39 ±    00:04","0.07332","0.07237","12.31","12.30","25.5","22 m -   48 m","0"
"(2024 RO15)","2024-Sep-21 03:15 ± < 00:01","0.05204","0.05184","10.07","10.07","25.3","23 m -   52 m","0"
"(2024 SD)","2024-Sep-21 10:02 ±    00:02","0.00089","0.00088","13.88","13.67","28.4","5.6 m -   12 m","0"
"(2024 SO2)","2024-Sep-21 11:01 ± < 00:01","0.00787","0.00786","4.23","4.15","27.8","7.4 m -   17 m","0"
"(2021 SY1)","2024-Sep-21 11:38 ± < 00:01","0.04965","0.04965","7.77","7.76","24.6","32 m -   71 m","0"
"(2024 RZ21)","2024-Sep-21 12:20 ± < 00:01","0.02995","0.02977","17.97","17.96","25.0","26 m -   59 m","0"
"(2008 TE4)","2024-Sep-21 17:13 ± < 00:01","0.02578","0.02578","8.27","8.26","24.1","40 m -   90 m","0"
"(2024 SD4)","2024-Sep-21 17:26 ± < 00:01","0.05855","0.05803","17.59","17.59","22.1","100 m -  230 m","0"
"(2024 SL1)","2024-Sep-21 19:36 ± < 00:01","0.00760","0.00758","8.22","8.18","28.9","4.4 m -  9.8 m","0"
"(2024 SB5)","2024-Sep-22 00:22 ± < 00:01","0.03145","0.03129","12.74","12.74","25.7","19 m -   43 m","0"
"(2024 SB3)","2024-Sep-22 12:03 ±    00:02","0.01798","0.01772","16.17","16.16","25.5","21 m -   46 m","0"
"(2024 SP2)","2024-Sep-22 12:43 ± < 00:01","0.00929","0.00928","3.87","3.79","28.9","4.3 m -  9.7 m","0"
"(2024 SH2)","2024-Sep-22 12:57 ±    00:01","0.01286","0.01279","10.51","10.49","27.2","9.5 m -   21 m","0"
"(2024 SO1)","2024-Sep-22 15:44 ± < 00:01","0.00390","0.00389","11.47","11.41","28.8","4.5 m -   10 m","0"
"(2024 SW)","2024-Sep-22 16:57 ± < 00:01","0.00227","0.00227","9.96","9.84","27.8","7.3 m -   16 m","0"
"(2024 SS2)","2024-Sep-22 17:50 ±    00:54","0.00462","0.00453","8.29","8.22","28.9","4.3 m -  9.7 m","0"
"(2024 SC2)","2024-Sep-22 21:09 ± < 00:01","0.03024","0.02997","7.34","7.33","26.6","13 m -   28 m","0"
"(2024 SZ)","2024-Sep-22 22:39 ± < 00:01","0.01847","0.01831","19.63","19.62","24.4","35 m -   78 m","0"
"(2024 ST)","2024-Sep-23 02:25 ± < 00:01","0.00073","0.00073","11.69","11.37","29.7","3.1 m -  6.9 m","0"
"(2024 SZ5)","2024-Sep-23 09:11 ± < 00:01","0.04970","0.04958","6.87","6.86","25.3","23 m -   51 m","0"
"(2024 SH)","2024-Sep-23 11:16 ± < 00:01","0.04166","0.04144","11.65","11.65","24.7","31 m -   68 m","0"
"(2024 TW3)","2024-Sep-23 11:26 ±    00:43","0.03167","0.03085","10.25","10.24","25.9","17 m -   39 m","0"
"(2023 MC)","2024-Sep-23 21:47 ±    01:15","0.07063","0.06788","12.74","12.73","25.6","20 m -   44 m","0"
"(2019 SY6)","2024-Sep-24 01:33 ± < 00:01","0.09026","0.09024","13.39","13.39","25.1","25 m -   57 m","0"
"(2024 SM3)","2024-Sep-24 04:41 ± < 00:01","0.03095","0.03084","12.85","12.84","25.6","20 m -   45 m","0"
"(2020 GE)","2024-Sep-24 04:53 ± < 00:01","0.00441","0.00441","2.22","1.93","28.2","6.2 m -   14 m","0"
"(2024 SN1)","2024-Sep-24 06:29 ± < 00:01","0.00615","0.00614","15.88","15.85","27.4","8.8 m -   20 m","0"
"(2024 SV1)","2024-Sep-24 11:03 ± < 00:01","0.02554","0.02545","6.32","6.30","25.8","19 m -   42 m","0"
"(2024 RO11)","2024-Sep-24 17:31 ±    00:04","0.04923","0.04856","19.11","19.11","24.8","30 m -   66 m","0"
"(2024 SP)","2024-Sep-24 18:34 ±    00:03","0.01301","0.01299","6.36","6.33","28.8","4.7 m -   10 m","0"
"(2024 SY)","2024-Sep-24 19:40 ±    00:04","0.01603","0.01598","6.32","6.29","27.8","7.2 m -   16 m","0"
"(2024 SL8)","2024-Sep-24 20:17 ±    00:10","0.05063","0.05019","6.54","6.53","26.5","13 m -   30 m","0"
"(2024 RX3)","2024-Sep-24 22:54 ± < 00:01","0.07066","0.07025","12.85","12.85","22.4","87 m -  200 m","0"
"(2024 SG)","2024-Sep-25 03:12 ± < 00:01","0.00734","0.00733","8.86","8.82","27.3","9.4 m -   21 m","0"
"(2024 RK7)","2024-Sep-25 12:01 ± < 00:01","0.04557","0.04529","6.35","6.34","25.2","24 m -   54 m","0"
"(2024 SZ2)","2024-Sep-25 17:44 ± < 00:01","0.03229","0.03216","14.17","14.16","25.8","18 m -   40 m","0"
"(2024 SR6)","2024-Sep-25 17:58 ±    00:03","0.01005","0.00998","11.51","11.49","27.3","9.3 m -   21 m","0"
"(2024 SU2)","2024-Sep-25 22:33 ± < 00:01","0.05787","0.05756","15.66","15.66","24.0","42 m -   94 m","0"
"(2024 TV2)","2024-Sep-25 23:24 ±    00:06","0.01893","0.01878","4.43","4.40","27.1","10 m -   22 m","0"
"(2024 RX12)","2024-Sep-25 23:27 ±    00:17","0.09148","0.08925","24.15","24.15","23.0","66 m -  150 m","0"
"(2024 SF)","2024-Sep-25 23:39 ± < 00:01","0.03091","0.03076","23.08","23.08","24.1","41 m -   92 m","0"
"(2024 SJ)","2024-Sep-26 01:00 ±    00:02","0.06860","0.06807","5.84","5.83","25.5","21 m -   47 m","0"
"(2024 RY21)","2024-Sep-26 03:49 ± < 00:01","0.05236","0.05223","4.14","4.12","26.6","13 m -   28 m","0"
"(2024 SN)","2024-Sep-26 05:53 ± < 00:01","0.02614","0.02605","6.84","6.83","27.4","9.0 m -   20 m","0"
"(2024 SG4)","2024-Sep-26 06:02 ±    00:05","0.00204","0.00202","9.99","9.86","27.4","8.9 m -   20 m","0"
"(2024 SS1)","2024-Sep-26 06:40 ± < 00:01","0.00180","0.00179","12.64","12.52","28.4","5.6 m -   12 m","0"
"(2024 SV3)","2024-Sep-26 10:34 ± < 00:01","0.00447","0.00446","11.76","11.71","26.5","13 m -   30 m","0"
"(2024 TE1)","2024-Sep-26 12:03 ±    00:03","0.02338","0.02318","8.25","8.24","27.1","10.0 m -   22 m","0"
"(2024 TF1)","2024-Sep-26 15:02 ±    00:11","0.03145","0.03129","6.41","6.40","26.1","16 m -   35 m","0"
"(2024 RN7)","2024-Sep-26 18:49 ± < 00:01","0.07955","0.07947","25.17","25.17","22.5","84 m -  190 m","0"
"(2024 SW3)","2024-Sep-26 22:09 ± < 00:01","0.01055","0.01051","9.64","9.62","27.0","10 m -   23 m","0"
"(2024 RW25)","2024-Sep-27 01:18 ±    00:01","0.04125","0.04062","9.78","9.77","25.6","20 m -   45 m","0"
"(2024 RP15)","2024-Sep-27 01:22 ± < 00:01","0.04494","0.04485","9.93","9.92","25.4","22 m -   48 m","0"
"(2024 SL2)","2024-Sep-27 03:56 ± < 00:01","0.03882","0.03867","10.49","10.48","24.9","28 m -   62 m","0"
"(2011 ST12)","2024-Sep-27 06:15 ± 9_16:43","0.04501","0.02692","7.40","7.40","26.4","14 m -   31 m","0"
"(2024 SN4)","2024-Sep-27 07:26 ± < 00:01","0.00669","0.00667","16.39","16.36","26.5","13 m -   29 m","0"
"(2023 VR5)","2024-Sep-27 09:55 ±    09:27","0.09540","0.09465","2.52","2.51","27.7","7.7 m -   17 m","0"
"(2024 SA6)","2024-Sep-27 10:51 ± < 00:01","0.02385","0.02377","13.08","13.07","25.3","23 m -   51 m","0"
"(2024 SM1)","2024-Sep-27 11:18 ± < 00:01","0.02645","0.02635","7.72","7.71","28.0","6.8 m -   15 m","0"
"(2016 EQ84)","2024-Sep-27 11:22 ± 4_11:58","0.05633","0.03119","17.48","17.48","24.1","40 m -   90 m","0"
"(2024 SY2)","2024-Sep-27 13:35 ±    00:02","0.05067","0.04990","8.72","8.72","25.9","17 m -   39 m","0"
"(2024 TV3)","2024-Sep-27 15:17 ±    00:08","0.04523","0.04471","6.92","6.92","26.4","14 m -   31 m","0"
"(2024 SS4)","2024-Sep-27 15:43 ± < 00:01","0.00604","0.00602","10.43","10.38","27.4","9.0 m -   20 m","0"
"(2024 SG1)","2024-Sep-27 17:24 ± < 00:01","0.00597","0.00590","17.02","17.00","27.6","8.0 m -   18 m","0"
"(2024 SC1)","2024-Sep-27 17:59 ± < 00:01","0.01026","0.01020","9.79","9.76","27.5","8.4 m -   19 m","0"
"(2024 SD1)","2024-Sep-27 20:18 ± < 00:01","0.01365","0.01348","10.13","10.11","28.6","5.1 m -   11 m","0"
"(2022 FX1)","2024-Sep-27 21:47 ±    15:18","0.07844","0.07277","10.20","10.20","25.8","19 m -   41 m","0"
"(2024 TS1)","2024-Sep-27 22:01 ±    00:38","0.01396","0.01379","8.86","8.84","27.7","7.8 m -   17 m","0"
"(2024 SB1)","2024-Sep-28 00:14 ±    00:04","0.03271","0.03240","8.04","8.03","27.1","10 m -   23 m","0"
"(2024 SA7)","2024-Sep-28 01:53 ±    00:03","0.01223","0.01221","2.54","2.46","27.2","9.5 m -   21 m","0"
"(2024 SE)","2024-Sep-28 02:20 ± < 00:01","0.01952","0.01947","10.92","10.91","24.4","34 m -   77 m","0"
"(2024 SQ)","2024-Sep-28 08:11 ± < 00:01","0.00828","0.00826","12.92","12.90","25.8","18 m -   40 m","0"
"(2024 TC1)","2024-Sep-28 14:42 ± < 00:01","0.03987","0.03970","6.86","6.86","26.1","16 m -   37 m","0"
"(2024 SY6)","2024-Sep-28 16:15 ± < 00:01","0.01516","0.01513","19.24","19.23","25.0","27 m -   59 m","0"
"(2024 ST1)","2024-Sep-28 19:13 ± < 00:01","0.01008","0.01002","16.39","16.38","27.5","8.3 m -   19 m","0"
"(2022 UF6)","2024-Sep-29 04:03 ± 3_21:14","0.08788","0.05561","10.20","10.20","23.2","61 m -  140 m","0"
"(2024 TA)","2024-Sep-29 04:49 ± < 00:01","0.00248","0.00248","6.02","5.84","28.1","6.3 m -   14 m","0"
"(2024 TB)","2024-Sep-29 12:12 ± < 00:01","0.03088","0.03065","11.46","11.45","26.5","14 m -   30 m","0"
"(2024 SC3)","2024-Sep-29 12:30 ± < 00:01","0.01510","0.01503","7.40","7.38","26.5","14 m -   30 m","0"
"(2024 TX3)","2024-Sep-29 13:47 ±    01:01","0.09838","0.09634","9.71","9.71","24.8","29 m -   65 m","0"
"(2024 SU1)","2024-Sep-29 16:37 ± < 00:01","0.01267","0.01260","17.27","17.26","26.6","13 m -   28 m","0"
"(2024 SE2)","2024-Sep-29 21:35 ± < 00:01","0.01618","0.01612","8.83","8.81","27.0","10 m -   23 m","0"
"(2024 RE3)","2024-Sep-29 21:37 ±    00:02","0.06621","0.06588","5.01","5.00","24.7","30 m -   68 m","0"
"(2024 SK)","2024-Sep-29 23:47 ± < 00:01","0.01422","0.01418","4.35","4.31","27.8","7.3 m -   16 m","0"
"(2024 TU)","2024-Sep-30 00:10 ± < 00:01","0.02531","0.02520","11.62","11.61","25.4","23 m -   51 m","0"
"(2024 SX1)","2024-Sep-30 03:11 ±    00:31","0.04193","0.04142","5.08","5.07","26.6","13 m -   28 m","0"
"(2024 SC6)","2024-Sep-30 06:10 ± < 00:01","0.00488","0.00487","9.64","9.58","27.5","8.5 m -   19 m","0"
"(2024 TA2)","2024-Sep-30 07:15 ± < 00:01","0.02767","0.02735","14.93","14.93","25.8","18 m -   41 m","0"
"(2024 SJ2)","2024-Sep-30 07:42 ±    00:04","0.06330","0.06170","7.36","7.36","26.3","15 m -   33 m","0"
"(2024 TG)","2024-Sep-30 10:04 ± < 00:01","0.00217","0.00215","10.76","10.64","28.4","5.6 m -   13 m","0"
"(2024 SR3)","2024-Sep-30 11:18 ± < 00:01","0.06137","0.06091","15.50","15.49","24.1","40 m -   90 m","0"
"(2024 TP1)","2024-Sep-30 11:44 ±    00:01","0.02558","0.02538","9.25","9.24","27.4","8.9 m -   20 m","0"
"(2024 SP1)","2024-Sep-30 16:50 ±    00:04","0.06158","0.06076","5.87","5.86","26.4","14 m -   32 m","0"
"(2024 TX)","2024-Sep-30 22:45 ± < 00:01","0.04163","0.04129","16.30","16.29","25.0","27 m -   59 m","0"
"(2023 TF1)","2024-Oct-01 00:31 ± < 00:01","0.05915","0.05915","11.25","11.25","25.2","24 m -   54 m","0"
"(2024 RC5)","2024-Oct-01 02:29 ± < 00:01","0.09630","0.09620","6.63","6.62","24.5","33 m -   74 m","0"
"(2024 SY1)","2024-Oct-01 02:55 ±    00:02","0.06198","0.06098","14.51","14.51","26.0","17 m -   38 m","0"
"(2024 TE3)","2024-Oct-01 04:52 ± < 00:01","0.01013","0.01004","6.91","6.88","26.2","15 m -   34 m","0"
"(2024 TJ1)","2024-Oct-01 05:22 ±    00:04","0.04562","0.04522","7.35","7.34","25.0","26 m -   59 m","0"
"(2024 TC3)","2024-Oct-01 06:32 ± < 00:01","0.00775","0.00770","11.50","11.47","27.4","8.9 m -   20 m","0"
"(2024 SJ1)","2024-Oct-01 06:47 ± < 00:01","0.03890","0.03852","10.63","10.63","26.7","12 m -   27 m","0"
"(2024 TR3)","2024-Oct-01 12:05 ±    00:06","0.07984","0.07836","12.88","12.88","25.4","22 m -   49 m","0"
"(2024 RU9)","2024-Oct-01 13:20 ±    00:02","0.06311","0.06245","8.77","8.77","25.2","24 m -   53 m","0"
"(2024 RN15)","2024-Oct-01 15:27 ± < 00:01","0.02145","0.02144","7.21","7.19","25.3","23 m -   52 m","0"
"(2024 RH45)","2024-Oct-01 16:54 ± < 00:01","0.01282","0.01280","8.17","8.14","24.9","27 m -   61 m","0"
"(2024 TD2)","2024-Oct-01 17:09 ±    02:07","0.03082","0.02945","7.74","7.72","27.3","9.2 m -   21 m","0"
"(2024 TO3)","2024-Oct-01 18:35 ±    01:34","0.09307","0.08976","7.53","7.52","25.5","22 m -   48 m","0"
"(2024 TK1)","2024-Oct-01 19:07 ± < 00:01","0.01407","0.01404","9.08","9.06","25.6","20 m -   44 m","0"
"(2024 SH7)","2024-Oct-01 20:37 ±    00:01","0.02171","0.02165","10.82","10.81","27.3","9.4 m -   21 m","0"
"(2024 TQ)","2024-Oct-01 23:10 ±    00:02","0.03996","0.03974","7.06","7.05","25.5","21 m -   46 m","0"
"(2024 RJ16)","2024-Oct-02 14:13 ± < 00:01","0.04662","0.04656","6.94","6.94","25.9","17 m -   39 m","0"
"(2024 SV)","2024-Oct-02 20:41 ±    00:04","0.05135","0.05070","6.19","6.18","25.8","18 m -   41 m","0"
"(2024 SS)","2024-Oct-02 22:45 ± < 00:01","0.01464","0.01461","7.51","7.48","25.8","18 m -   41 m","0"
"(2024 TY3)","2024-Oct-03 09:17 ±    00:08","0.00546","0.00541","21.25","21.23","26.6","13 m -   28 m","0"
"(2024 SR4)","2024-Oct-03 10:30 ± < 00:01","0.01794","0.01791","11.62","11.61","26.7","12 m -   27 m","0"
"(2024 TE)","2024-Oct-03 12:59 ± < 00:01","0.00871","0.00869","5.81","5.75","27.2","9.5 m -   21 m","0"
"(2024 SD3)","2024-Oct-03 15:49 ± < 00:01","0.00995","0.00992","18.25","18.23","26.0","17 m -   37 m","0"
"(2024 TM)","2024-Oct-03 16:56 ± < 00:01","0.03147","0.03125","7.83","7.81","26.8","12 m -   26 m","0"
"(2024 RA11)","2024-Oct-04 01:23 ± < 00:01","0.06492","0.06479","6.81","6.80","24.6","32 m -   72 m","0"
"(2024 SR1)","2024-Oct-04 02:03 ± < 00:01","0.01457","0.01453","5.91","5.88","27.3","9.2 m -   21 m","0"
"(2024 TT2)","2024-Oct-04 06:17 ± < 00:01","0.00655","0.00653","16.95","16.92","26.6","13 m -   28 m","0"
"(2024 TL3)","2024-Oct-04 09:21 ±    00:02","0.00132","0.00131","19.17","19.07","30.3","2.3 m -  5.2 m","0"
"(2024 SA2)","2024-Oct-04 09:25 ±    00:02","0.05883","0.05788","10.10","10.10","25.5","21 m -   48 m","0"
"(2024 TW)","2024-Oct-04 09:27 ± < 00:01","0.00651","0.00649","10.68","10.64","29.0","4.3 m -  9.5 m","0"
"(2024 TB4)","2024-Oct-04 14:36 ± < 00:01","0.03347","0.03310","16.20","16.19","25.1","25 m -   57 m","0"
"(2024 TP2)","2024-Oct-04 18:09 ±    00:01","0.03234","0.03224","9.69","9.68","26.2","15 m -   34 m","0"
"(2024 TF)","2024-Oct-04 18:38 ± < 00:01","0.00201","0.00200","5.97","5.75","29.2","3.8 m -  8.6 m","0"
"(2024 TJ)","2024-Oct-04 20:16 ± < 00:01","0.01007","0.01003","12.32","12.30","26.8","12 m -   26 m","0"
"(2024 SY4)","2024-Oct-04 23:02 ±    00:01","0.02503","0.02492","4.92","4.90","27.9","7.1 m -   16 m","0"
"(2024 TH)","2024-Oct-05 01:18 ±    00:04","0.06349","0.06303","10.35","10.35","24.5","33 m -   74 m","0"
"(2018 TF5)","2024-Oct-05 01:24 ±    02:06","0.06373","0.06097","13.41","13.41","25.4","22 m -   49 m","0"
"(2024 RJ32)","2024-Oct-05 03:17 ± < 00:01","0.01958","0.01956","6.57","6.55","24.9","28 m -   63 m","0"
"(2024 SL3)","2024-Oct-05 05:59 ± < 00:01","0.02089","0.02075","12.60","12.59","26.3","15 m -   33 m","0"
"(2023 GM1)","2024-Oct-05 11:35 ±    00:59","0.03946","0.03904","5.20","5.19","27.3","9.4 m -   21 m","0"
"(2024 TM3)","2024-Oct-05 12:18 ± < 00:01","0.00037","0.00037","16.71","16.27","31.3","1.5 m -  3.3 m","0"
"(2024 SY5)","2024-Oct-05 13:59 ± < 00:01","0.01096","0.01092","6.02","5.98","28.0","6.6 m -   15 m","0"
"(2024 SZ1)","2024-Oct-05 19:11 ± < 00:01","0.02815","0.02796","20.25","20.25","25.0","27 m -   60 m","0"
"(2024 TO2)","2024-Oct-05 20:02 ± < 00:01","0.03511","0.03493","15.22","15.21","25.9","18 m -   40 m","0"
"(2014 VA)","2024-Oct-05 21:22 ± < 00:01","0.04636","0.04636","6.30","6.29","24.4","35 m -   78 m","0"
"(2024 SH3)","2024-Oct-05 22:36 ±    00:01","0.04868","0.04831","8.22","8.22","25.8","18 m -   41 m","0"
"(2024 SU5)","2024-Oct-06 03:33 ± < 00:01","0.07427","0.07374","23.01","23.01","23.6","51 m -  110 m","0"
"(2024 TZ3)","2024-Oct-06 04:43 ±    00:10","0.05755","0.05720","9.84","9.84","25.2","24 m -   54 m","0"
"(2022 SU21)","2024-Oct-06 05:04 ± 2_16:19","0.04488","0.00682","21.10","21.10","24.5","33 m -   74 m","0"
"(2024 TD)","2024-Oct-06 05:31 ± < 00:01","0.02480","0.02471","10.92","10.91","26.9","11 m -   25 m","0"
"(2024 RO43)","2024-Oct-06 06:20 ±    00:01","0.06548","0.06515","7.72","7.71","24.8","29 m -   65 m","0"
"(2024 TL2)","2024-Oct-06 09:12 ± < 00:01","0.00071","0.00070","9.12","8.70","30.7","1.9 m -  4.2 m","0"
"(2018 RY1)","2024-Oct-06 12:11 ± < 00:01","0.05488","0.05488","6.69","6.68","24.4","34 m -   77 m","0"
"(2024 SD6)","2024-Oct-06 16:39 ± < 00:01","0.01236","0.01231","6.78","6.75","27.5","8.2 m -   18 m","0"
"(2022 FC5)","2024-Oct-06 20:22 ± < 00:01","0.04152","0.04151","19.32","19.31","24.8","29 m -   66 m","0"
"(2022 TD)","2024-Oct-06 21:48 ± < 00:01","0.05937","0.05937","8.41","8.41","27.7","7.6 m -   17 m","0"